utc	free_kib	work_kib	temp_kib	zig_kib	archive_kib	job_running
2026-10-05T13:09:00Z	124911316	0	4236	40482120	629116	0
2026-10-05T13:09:41Z	124917472	0	4236	40482120	629116	0
2026-10-05T13:10:18Z	124916420	0	4236	40482120	629116	0
2026-10-05T13:10:54Z	124916412	0	4236	40482120	629116	0
2026-10-05T13:11:30Z	124915160	0	4236	40482120	629116	0
2026-10-05T13:12:07Z	124915100	0	4236	40482120	629116	0
2026-10-05T13:12:43Z	124918580	0	4236	40482120	629116	0
2026-10-05T13:13:20Z	124797484	108352	4236	40482120	629116	1
2026-10-05T13:13:56Z	124662516	239424	4236	40482120	629116	1
2026-10-05T13:14:33Z	124534776	370496	4236	40482120	629116	1
2026-10-05T13:15:09Z	124715976	482236	4244	40509604	629116	1
2026-10-05T13:15:49Z	124535408	481948	4244	40643884	629116	1
2026-10-05T13:16:28Z	124407648	482232	4244	40768292	629116	1
2026-10-05T13:17:08Z	124280400	482252	4244	40893352	629116	1
2026-10-05T13:17:48Z	124152008	481964	4244	41026496	629116	1
2026-10-05T13:18:27Z	124008352	492152	4244	41157872	629116	1
2026-10-05T13:19:07Z	123893532	482252	4244	41283672	629116	1
2026-10-05T13:19:46Z	123766428	481984	4244	41407400	629116	1
2026-10-05T13:20:26Z	123826776	0	4244	41495068	629116	1
2026-10-05T13:21:04Z	123680912	108352	4244	41493052	629116	1
2026-10-05T13:21:40Z	123548392	239424	4244	41493052	629116	1
2026-10-05T13:22:17Z	123421080	370496	4244	41493052	629116	1
2026-10-05T13:22:54Z	123443100	510964	4252	41670136	629116	1
2026-10-05T13:23:35Z	122974644	507088	4252	42092264	629120	1
2026-10-05T13:24:17Z	122508984	507456	4252	42513448	629116	1
2026-10-05T13:24:59Z	121948436	504448	4252	42940688	629116	1
2026-10-05T13:25:41Z	121457812	495404	4252	43357360	629116	1
2026-10-05T13:26:22Z	121097048	490320	4252	43670068	629116	1
2026-10-05T13:27:03Z	121082956	108352	4252	43717236	629116	1
2026-10-05T13:27:42Z	120893976	239424	4252	43717236	629116	1
2026-10-05T13:28:20Z	120760040	370496	4252	43717236	629116	1
2026-10-05T13:28:59Z	120953236	486252	4260	43746864	629116	1
2026-10-05T13:29:43Z	120374604	495144	4260	44217048	629116	1
2026-10-05T13:30:36Z	119906496	492088	4260	44739012	629116	1
2026-10-05T13:31:37Z	119236956	485180	4260	45329108	629116	1
2026-10-05T13:32:42Z	118769008	0	4260	45694252	629116	1
2026-10-05T13:33:22Z	118646492	108352	4260	45694252	629116	1
2026-10-05T13:34:01Z	118514820	239424	4260	45694252	629116	1
2026-10-05T13:34:39Z	118382556	370496	4260	45694252	629116	1
2026-10-05T13:35:19Z	118542024	481972	4268	45759884	629116	1
2026-10-05T13:36:00Z	118364036	482232	4268	45885980	629116	1
2026-10-05T13:36:41Z	118228744	482240	4268	46018416	629116	1
2026-10-05T13:37:23Z	118093028	482264	4268	46142796	629116	1
2026-10-05T13:38:04Z	117965680	481968	4268	46277312	629116	1
2026-10-05T13:38:45Z	117831492	481956	4268	46411944	629116	1
2026-10-05T13:39:26Z	117686352	492172	4268	46544404	629116	1
2026-10-05T13:40:08Z	117571496	482272	4268	46670860	629116	1
2026-10-05T13:40:48Z	117550616	108352	4268	46726892	629116	1
2026-10-05T13:41:28Z	117543220	108352	4268	46726892	629116	1
2026-10-05T13:42:07Z	117279524	370496	4268	46726892	629116	1
2026-10-05T13:42:46Z	117493672	479952	4276	46756992	629116	1
2026-10-05T13:43:34Z	116846252	492456	4276	47333404	629116	1
2026-10-05T13:44:35Z	116175644	491252	4276	47889784	629116	1
2026-10-05T13:45:48Z	115446080	487800	4276	48486772	629116	1
2026-10-05T13:46:53Z	114987248	501076	4276	48697900	629116	1
2026-10-05T13:47:36Z	114984100	501076	4276	48697900	629116	1
2026-10-05T13:48:19Z	115121536	34220	4276	48697900	629116	1
2026-10-05T13:48:59Z	115010880	108352	4276	48697900	629116	1
2026-10-05T13:49:39Z	114879768	239424	4276	48697900	629116	1
2026-10-05T13:50:19Z	114964864	476660	4284	48698572	629116	1
2026-10-05T13:51:04Z	114427056	499256	4284	49074364	629116	1
2026-10-05T13:51:51Z	113749032	488000	4284	49504608	629116	1
2026-10-05T13:52:39Z	113171304	497536	4284	49890248	629116	1
2026-10-05T13:53:24Z	112850648	485716	4284	50205896	629116	1
2026-10-05T13:54:09Z	112573632	497476	4284	50472176	629116	1
2026-10-05T13:54:54Z	112316480	487612	4284	50729072	629116	1
2026-10-05T13:55:38Z	112060588	481576	4284	50973680	629116	1
2026-10-05T13:56:23Z	111849512	481376	4284	51184492	629116	1
2026-10-05T13:57:06Z	111803988	108352	4284	51224656	629116	1
2026-10-05T13:57:48Z	111666944	239424	4284	51224656	629116	1
2026-10-05T13:58:28Z	111534752	370496	4284	51224656	629116	1
2026-10-05T13:59:09Z	111693268	492116	4292	51271556	629116	1
2026-10-05T13:59:52Z	111523256	481964	4292	51405012	629116	1
2026-10-05T14:00:36Z	111378076	482232	4292	51538772	629116	1
2026-10-05T14:01:19Z	111243964	482268	4292	51683056	629116	1
2026-10-05T14:02:02Z	111111872	482272	4292	51816352	629116	1
2026-10-05T14:02:46Z	110954488	492252	4292	51959160	629116	1
2026-10-05T14:03:29Z	110831780	481944	4292	52093432	629116	1
2026-10-05T14:04:13Z	110683952	481976	4292	52226540	629116	1
2026-10-05T14:04:58Z	110711816	108352	4292	52237148	629116	1
2026-10-05T14:05:38Z	110576680	239424	4292	52237148	629116	1
2026-10-05T14:06:19Z	110380856	438348	4292	52237148	629116	1
2026-10-05T14:07:06Z	110361660	484460	4300	52601808	629116	1
2026-10-05T14:08:16Z	109526860	487220	4300	53316736	629116	1
2026-10-05T14:09:48Z	108499400	492844	4300	54188056	629116	1
2026-10-05T14:10:51Z	108249352	108352	4300	54229912	629116	1
2026-10-05T14:11:36Z	108115784	239424	4300	54229912	629116	1
2026-10-05T14:12:19Z	108239880	144556	4300	54230764	629116	1
2026-10-05T14:13:11Z	107667308	509372	4308	54633992	629116	1
2026-10-05T14:14:04Z	106972536	504628	4308	55118532	629116	1
2026-10-05T14:15:03Z	106380304	496444	4308	55559124	629116	1
2026-10-05T14:15:54Z	106032340	487896	4308	55896504	629116	1
2026-10-05T14:16:45Z	105676792	487488	4308	56222392	629116	1
2026-10-05T14:17:35Z	105402888	486500	4308	56480128	629116	1
2026-10-05T14:18:25Z	105412952	0	4308	56604348	629116	1
2026-10-05T14:19:11Z	105289528	108352	4308	56604348	629116	1
2026-10-05T14:19:57Z	105161592	239424	4308	56604348	629116	1
2026-10-05T14:20:42Z	105183620	490172	4316	56712896	629116	1
2026-10-05T14:22:36Z	103061276	490404	4316	57901280	629116	1
2026-10-05T14:24:39Z	102247588	501152	4316	58437648	629116	1
2026-10-05T14:25:31Z	102246464	501152	4316	58437648	629116	1
2026-10-05T14:26:26Z	102279764	108352	4316	58437648	629116	1
2026-10-05T14:27:18Z	102146124	239424	4316	58437648	629116	1
2026-10-05T14:28:08Z	102202980	486324	4324	58525588	629116	1
2026-10-05T14:30:04Z	101115256	492800	4324	59811712	629116	1
2026-10-05T14:32:19Z	100170240	239424	4324	60335764	629116	1
2026-10-05T14:33:26Z	99955220	487080	4332	60826592	629116	1
2026-10-05T14:36:49Z	98362160	108352	4332	62213428	629116	1
2026-10-05T14:38:05Z	98164160	485656	4340	62329028	629116	1
2026-10-05T14:39:11Z	97941228	481548	4340	62572708	629116	1
2026-10-05T14:40:17Z	97743400	481336	4340	62763596	629116	1
2026-10-05T14:41:25Z	100851588	481524	4340	63024928	629116	1
2026-10-05T14:42:36Z	101426672	370496	4340	63100872	629116	1
2026-10-05T14:44:51Z	100411148	492796	4348	64424288	629116	1
2026-10-05T14:47:17Z	99354824	350488	4348	64977816	629116	1
2026-10-05T14:50:58Z	96999456	360380	4356	66731560	629116	1
2026-10-05T14:52:19Z	97103108	0	4356	66731560	629116	0
