policy	probe	compiler	workers	pass	wall_ms	count
default	probe-default-1	zig	1	1	12782.263	48
default	probe-default-1	zig	1	2	358.62	48
default	probe-default-1	zig	3	1	4361.662	48
default	probe-default-1	zig	3	2	77.225	48
default	probe-default-1	apple-clang	1	1	12896.977	48
default	probe-default-1	apple-clang	1	2	357.226	48
default	probe-default-1	apple-clang	3	1	4338.291	48
default	probe-default-1	apple-clang	3	2	70.436	48
default	probe-default-2	zig	1	1	12408.655	48
default	probe-default-2	zig	1	2	337.736	48
default	probe-default-2	zig	3	1	4288.666	48
default	probe-default-2	zig	3	2	70.075	48
default	probe-default-2	apple-clang	1	1	11291.522	48
default	probe-default-2	apple-clang	1	2	316.989	48
default	probe-default-2	apple-clang	3	1	217.633	48
default	probe-default-2	apple-clang	3	2	54.151	48
developer-tools	probe-devtools-1	zig	1	1	109.478	48
developer-tools	probe-devtools-1	zig	1	2	109.128	48
developer-tools	probe-devtools-1	zig	3	1	43.833	48
developer-tools	probe-devtools-1	zig	3	2	44.447	48
developer-tools	probe-devtools-1	apple-clang	1	1	109.142	48
developer-tools	probe-devtools-1	apple-clang	1	2	109.777	48
developer-tools	probe-devtools-1	apple-clang	3	1	43.655	48
developer-tools	probe-devtools-1	apple-clang	3	2	42.832	48
developer-tools	probe-devtools-2	zig	1	1	108.226	48
developer-tools	probe-devtools-2	zig	1	2	109.153	48
developer-tools	probe-devtools-2	zig	3	1	44.886	48
developer-tools	probe-devtools-2	zig	3	2	43.38	48
developer-tools	probe-devtools-2	apple-clang	1	1	108.735	48
developer-tools	probe-devtools-2	apple-clang	1	2	107.391	48
developer-tools	probe-devtools-2	apple-clang	3	1	45.203	48
developer-tools	probe-devtools-2	apple-clang	3	2	42.984	48
