run_id	head_sha	job_id	job	step	start_utc	end_utc	result
36721134885	2434dd8b73f187fafca2baf85425b0ccd6fba1dc	109906260233	native support (macos-aarch64, 1/12)	Set up job	2026-09-30T13:22:21Z	2026-09-30T13:22:22Z	success
36721134885	2434dd8b73f187fafca2baf85425b0ccd6fba1dc	109906260233	native support (macos-aarch64, 1/12)	Run actions/checkout@v7	2026-09-30T13:22:22Z	2026-09-30T13:22:26Z	success
36721134885	2434dd8b73f187fafca2baf85425b0ccd6fba1dc	109906260233	native support (macos-aarch64, 1/12)	Run jdx/mise-action@v4	2026-09-30T13:22:26Z	2026-09-30T13:22:55Z	success
36721134885	2434dd8b73f187fafca2baf85425b0ccd6fba1dc	109906260233	native support (macos-aarch64, 1/12)	Run ./.github/actions/runtime-archive-cache	2026-09-30T13:22:55Z	2026-09-30T13:22:59Z	success
36721134885	2434dd8b73f187fafca2baf85425b0ccd6fba1dc	109906260233	native support (macos-aarch64, 1/12)	Run mise run test:property:extended:package	2026-09-30T13:22:59Z	2026-09-30T13:23:08Z	success
36721134885	2434dd8b73f187fafca2baf85425b0ccd6fba1dc	109906260233	native support (macos-aarch64, 1/12)	Run mise run test:property:extended:native:shard --shard 1/12 tests/property/*.property.test.ts	2026-09-30T13:23:08Z	2026-09-30T14:10:03Z	success
36721134885	2434dd8b73f187fafca2baf85425b0ccd6fba1dc	109906260233	native support (macos-aarch64, 1/12)	Run actions/upload-artifact@v7	2026-09-30T14:10:03Z	2026-09-30T14:10:03Z	skipped
36721134885	2434dd8b73f187fafca2baf85425b0ccd6fba1dc	109906260233	native support (macos-aarch64, 1/12)	Post Run ./.github/actions/runtime-archive-cache	2026-09-30T14:10:03Z	2026-09-30T14:10:03Z	success
36721134885	2434dd8b73f187fafca2baf85425b0ccd6fba1dc	109906260233	native support (macos-aarch64, 1/12)	Post Run actions/checkout@v7	2026-09-30T14:10:03Z	2026-09-30T14:10:04Z	success
36721134885	2434dd8b73f187fafca2baf85425b0ccd6fba1dc	109906260233	native support (macos-aarch64, 1/12)	Complete job	2026-09-30T14:10:04Z	2026-09-30T14:10:06Z	success
36721134885	2434dd8b73f187fafca2baf85425b0ccd6fba1dc	109906260425	host C sanitizers (macOS, native)	Set up job	2026-09-30T13:22:24Z	2026-09-30T13:22:25Z	success
36721134885	2434dd8b73f187fafca2baf85425b0ccd6fba1dc	109906260425	host C sanitizers (macOS, native)	Run actions/checkout@v7	2026-09-30T13:22:25Z	2026-09-30T13:22:29Z	success
36721134885	2434dd8b73f187fafca2baf85425b0ccd6fba1dc	109906260425	host C sanitizers (macOS, native)	Run jdx/mise-action@v4	2026-09-30T13:22:29Z	2026-09-30T13:23:09Z	success
36721134885	2434dd8b73f187fafca2baf85425b0ccd6fba1dc	109906260425	host C sanitizers (macOS, native)	Run ./.github/actions/runtime-archive-cache	2026-09-30T13:23:09Z	2026-09-30T13:23:23Z	success
36721134885	2434dd8b73f187fafca2baf85425b0ccd6fba1dc	109906260425	host C sanitizers (macOS, native)	Run mise run test:sanitizer:self	2026-09-30T13:23:23Z	2026-09-30T13:23:31Z	success
36721134885	2434dd8b73f187fafca2baf85425b0ccd6fba1dc	109906260425	host C sanitizers (macOS, native)	Run mise run test:sanitizer:runtime	2026-09-30T13:23:31Z	2026-09-30T13:28:39Z	success
36721134885	2434dd8b73f187fafca2baf85425b0ccd6fba1dc	109906260425	host C sanitizers (macOS, native)	Run mise run test:sanitizer:native	2026-09-30T13:28:39Z	2026-09-30T14:00:54Z	success
36721134885	2434dd8b73f187fafca2baf85425b0ccd6fba1dc	109906260425	host C sanitizers (macOS, native)	Run actions/upload-artifact@v7	2026-09-30T14:00:54Z	2026-09-30T14:00:54Z	skipped
36721134885	2434dd8b73f187fafca2baf85425b0ccd6fba1dc	109906260425	host C sanitizers (macOS, native)	Post Run ./.github/actions/runtime-archive-cache	2026-09-30T14:00:54Z	2026-09-30T14:00:55Z	success
36721134885	2434dd8b73f187fafca2baf85425b0ccd6fba1dc	109906260425	host C sanitizers (macOS, native)	Post Run actions/checkout@v7	2026-09-30T14:00:55Z	2026-09-30T14:00:55Z	success
36721134885	2434dd8b73f187fafca2baf85425b0ccd6fba1dc	109906260425	host C sanitizers (macOS, native)	Complete job	2026-09-30T14:00:55Z	2026-09-30T14:00:58Z	success
36721134885	2434dd8b73f187fafca2baf85425b0ccd6fba1dc	109963990117	test262 (macos-aarch64, 1/12)	Set up job	2026-09-30T15:34:53Z	2026-09-30T15:34:55Z	success
36721134885	2434dd8b73f187fafca2baf85425b0ccd6fba1dc	109963990117	test262 (macos-aarch64, 1/12)	Run actions/checkout@v7	2026-09-30T15:34:55Z	2026-09-30T15:35:02Z	success
36721134885	2434dd8b73f187fafca2baf85425b0ccd6fba1dc	109963990117	test262 (macos-aarch64, 1/12)	Run jdx/mise-action@v4	2026-09-30T15:35:02Z	2026-09-30T15:35:39Z	success
36721134885	2434dd8b73f187fafca2baf85425b0ccd6fba1dc	109963990117	test262 (macos-aarch64, 1/12)	Run ./.github/actions/runtime-archive-cache	2026-09-30T15:35:39Z	2026-09-30T15:35:46Z	success
36721134885	2434dd8b73f187fafca2baf85425b0ccd6fba1dc	109963990117	test262 (macos-aarch64, 1/12)	Run mise run test:test262 --shard 1/12	2026-09-30T15:35:46Z	2026-09-30T16:00:54Z	success
36721134885	2434dd8b73f187fafca2baf85425b0ccd6fba1dc	109963990117	test262 (macos-aarch64, 1/12)	Run actions/upload-artifact@v7	2026-09-30T16:00:55Z	2026-09-30T16:00:55Z	skipped
36721134885	2434dd8b73f187fafca2baf85425b0ccd6fba1dc	109963990117	test262 (macos-aarch64, 1/12)	Post Run ./.github/actions/runtime-archive-cache	2026-09-30T16:00:55Z	2026-09-30T16:00:55Z	success
36721134885	2434dd8b73f187fafca2baf85425b0ccd6fba1dc	109963990117	test262 (macos-aarch64, 1/12)	Post Run actions/checkout@v7	2026-09-30T16:00:55Z	2026-09-30T16:00:56Z	success
36721134885	2434dd8b73f187fafca2baf85425b0ccd6fba1dc	109963990117	test262 (macos-aarch64, 1/12)	Complete job	2026-09-30T16:00:56Z	2026-09-30T16:01:00Z	success
36721134885	2434dd8b73f187fafca2baf85425b0ccd6fba1dc	109966714632	native (macos-aarch64, 1/3)	Set up job	2026-09-30T15:41:06Z	2026-09-30T15:41:08Z	success
36721134885	2434dd8b73f187fafca2baf85425b0ccd6fba1dc	109966714632	native (macos-aarch64, 1/3)	Run actions/checkout@v7	2026-09-30T15:41:08Z	2026-09-30T15:41:11Z	success
36721134885	2434dd8b73f187fafca2baf85425b0ccd6fba1dc	109966714632	native (macos-aarch64, 1/3)	Run jdx/mise-action@v4	2026-09-30T15:41:11Z	2026-09-30T15:41:43Z	success
36721134885	2434dd8b73f187fafca2baf85425b0ccd6fba1dc	109966714632	native (macos-aarch64, 1/3)	Run ./.github/actions/runtime-archive-cache	2026-09-30T15:41:43Z	2026-09-30T15:41:49Z	success
36721134885	2434dd8b73f187fafca2baf85425b0ccd6fba1dc	109966714632	native (macos-aarch64, 1/3)	Run mise run test:native --shard 1/3	2026-09-30T15:41:49Z	2026-09-30T15:55:26Z	success
36721134885	2434dd8b73f187fafca2baf85425b0ccd6fba1dc	109966714632	native (macos-aarch64, 1/3)	Run actions/upload-artifact@v7	2026-09-30T15:55:26Z	2026-09-30T15:55:26Z	skipped
36721134885	2434dd8b73f187fafca2baf85425b0ccd6fba1dc	109966714632	native (macos-aarch64, 1/3)	Post Run ./.github/actions/runtime-archive-cache	2026-09-30T15:55:26Z	2026-09-30T15:55:27Z	success
36721134885	2434dd8b73f187fafca2baf85425b0ccd6fba1dc	109966714632	native (macos-aarch64, 1/3)	Post Run actions/checkout@v7	2026-09-30T15:55:27Z	2026-09-30T15:55:28Z	success
36721134885	2434dd8b73f187fafca2baf85425b0ccd6fba1dc	109966714632	native (macos-aarch64, 1/3)	Complete job	2026-09-30T15:55:28Z	2026-09-30T15:55:29Z	success
36657614384	df5cb7a1792bd6297b7ad0c9d0f4d58721f8e8d2	109738698166	native support (macos-aarch64, 1/12)	Set up job	2026-09-30T01:58:25Z	2026-09-30T01:58:26Z	success
36657614384	df5cb7a1792bd6297b7ad0c9d0f4d58721f8e8d2	109738698166	native support (macos-aarch64, 1/12)	Run actions/checkout@v7	2026-09-30T01:58:26Z	2026-09-30T01:58:30Z	success
36657614384	df5cb7a1792bd6297b7ad0c9d0f4d58721f8e8d2	109738698166	native support (macos-aarch64, 1/12)	Run jdx/mise-action@v4	2026-09-30T01:58:30Z	2026-09-30T01:59:33Z	success
36657614384	df5cb7a1792bd6297b7ad0c9d0f4d58721f8e8d2	109738698166	native support (macos-aarch64, 1/12)	Run ./.github/actions/runtime-archive-cache	2026-09-30T01:59:33Z	2026-09-30T01:59:39Z	success
36657614384	df5cb7a1792bd6297b7ad0c9d0f4d58721f8e8d2	109738698166	native support (macos-aarch64, 1/12)	Run mise run test:property:extended:package	2026-09-30T01:59:39Z	2026-09-30T01:59:53Z	success
36657614384	df5cb7a1792bd6297b7ad0c9d0f4d58721f8e8d2	109738698166	native support (macos-aarch64, 1/12)	Run mise run test:property:extended:native:shard --shard 1/12 tests/property/*.property.test.ts	2026-09-30T01:59:53Z	2026-09-30T02:44:50Z	success
36657614384	df5cb7a1792bd6297b7ad0c9d0f4d58721f8e8d2	109738698166	native support (macos-aarch64, 1/12)	Run actions/upload-artifact@v7	2026-09-30T02:44:50Z	2026-09-30T02:44:50Z	skipped
36657614384	df5cb7a1792bd6297b7ad0c9d0f4d58721f8e8d2	109738698166	native support (macos-aarch64, 1/12)	Post Run ./.github/actions/runtime-archive-cache	2026-09-30T02:44:50Z	2026-09-30T02:44:51Z	success
36657614384	df5cb7a1792bd6297b7ad0c9d0f4d58721f8e8d2	109738698166	native support (macos-aarch64, 1/12)	Post Run actions/checkout@v7	2026-09-30T02:44:51Z	2026-09-30T02:44:52Z	success
36657614384	df5cb7a1792bd6297b7ad0c9d0f4d58721f8e8d2	109738698166	native support (macos-aarch64, 1/12)	Complete job	2026-09-30T02:44:52Z	2026-09-30T02:44:52Z	success
36657614384	df5cb7a1792bd6297b7ad0c9d0f4d58721f8e8d2	109738700762	test262 (macos-aarch64, 1/12)	Set up job	2026-09-30T04:02:53Z	2026-09-30T04:02:54Z	success
36657614384	df5cb7a1792bd6297b7ad0c9d0f4d58721f8e8d2	109738700762	test262 (macos-aarch64, 1/12)	Run actions/checkout@v7	2026-09-30T04:02:54Z	2026-09-30T04:02:58Z	success
36657614384	df5cb7a1792bd6297b7ad0c9d0f4d58721f8e8d2	109738700762	test262 (macos-aarch64, 1/12)	Run jdx/mise-action@v4	2026-09-30T04:02:58Z	2026-09-30T04:03:33Z	success
36657614384	df5cb7a1792bd6297b7ad0c9d0f4d58721f8e8d2	109738700762	test262 (macos-aarch64, 1/12)	Run ./.github/actions/runtime-archive-cache	2026-09-30T04:03:33Z	2026-09-30T04:03:39Z	success
36657614384	df5cb7a1792bd6297b7ad0c9d0f4d58721f8e8d2	109738700762	test262 (macos-aarch64, 1/12)	Run mise run test:test262 --shard 1/12	2026-09-30T04:03:39Z	2026-09-30T04:23:27Z	success
36657614384	df5cb7a1792bd6297b7ad0c9d0f4d58721f8e8d2	109738700762	test262 (macos-aarch64, 1/12)	Run actions/upload-artifact@v7	2026-09-30T04:23:27Z	2026-09-30T04:23:27Z	skipped
36657614384	df5cb7a1792bd6297b7ad0c9d0f4d58721f8e8d2	109738700762	test262 (macos-aarch64, 1/12)	Post Run ./.github/actions/runtime-archive-cache	2026-09-30T04:23:27Z	2026-09-30T04:23:28Z	success
36657614384	df5cb7a1792bd6297b7ad0c9d0f4d58721f8e8d2	109738700762	test262 (macos-aarch64, 1/12)	Post Run actions/checkout@v7	2026-09-30T04:23:28Z	2026-09-30T04:23:29Z	success
36657614384	df5cb7a1792bd6297b7ad0c9d0f4d58721f8e8d2	109738700762	test262 (macos-aarch64, 1/12)	Complete job	2026-09-30T04:23:29Z	2026-09-30T04:23:29Z	success
36657614384	df5cb7a1792bd6297b7ad0c9d0f4d58721f8e8d2	109738700893	native (macos-aarch64, 1/3)	Set up job	2026-09-30T04:07:56Z	2026-09-30T04:07:58Z	success
36657614384	df5cb7a1792bd6297b7ad0c9d0f4d58721f8e8d2	109738700893	native (macos-aarch64, 1/3)	Run actions/checkout@v7	2026-09-30T04:07:58Z	2026-09-30T04:08:02Z	success
36657614384	df5cb7a1792bd6297b7ad0c9d0f4d58721f8e8d2	109738700893	native (macos-aarch64, 1/3)	Run jdx/mise-action@v4	2026-09-30T04:08:02Z	2026-09-30T04:08:38Z	success
36657614384	df5cb7a1792bd6297b7ad0c9d0f4d58721f8e8d2	109738700893	native (macos-aarch64, 1/3)	Run ./.github/actions/runtime-archive-cache	2026-09-30T04:08:38Z	2026-09-30T04:08:43Z	success
36657614384	df5cb7a1792bd6297b7ad0c9d0f4d58721f8e8d2	109738700893	native (macos-aarch64, 1/3)	Run mise run test:native --shard 1/3	2026-09-30T04:08:43Z	2026-09-30T04:22:56Z	success
36657614384	df5cb7a1792bd6297b7ad0c9d0f4d58721f8e8d2	109738700893	native (macos-aarch64, 1/3)	Run actions/upload-artifact@v7	2026-09-30T04:22:56Z	2026-09-30T04:22:56Z	skipped
36657614384	df5cb7a1792bd6297b7ad0c9d0f4d58721f8e8d2	109738700893	native (macos-aarch64, 1/3)	Post Run ./.github/actions/runtime-archive-cache	2026-09-30T04:22:56Z	2026-09-30T04:22:57Z	success
36657614384	df5cb7a1792bd6297b7ad0c9d0f4d58721f8e8d2	109738700893	native (macos-aarch64, 1/3)	Post Run actions/checkout@v7	2026-09-30T04:22:57Z	2026-09-30T04:22:57Z	success
36657614384	df5cb7a1792bd6297b7ad0c9d0f4d58721f8e8d2	109738700893	native (macos-aarch64, 1/3)	Complete job	2026-09-30T04:22:57Z	2026-09-30T04:22:58Z	success
36657614384	df5cb7a1792bd6297b7ad0c9d0f4d58721f8e8d2	109738732598	host C sanitizers (macOS, native)	Set up job	2026-09-30T01:58:21Z	2026-09-30T01:58:23Z	success
36657614384	df5cb7a1792bd6297b7ad0c9d0f4d58721f8e8d2	109738732598	host C sanitizers (macOS, native)	Run actions/checkout@v7	2026-09-30T01:58:23Z	2026-09-30T01:58:26Z	success
36657614384	df5cb7a1792bd6297b7ad0c9d0f4d58721f8e8d2	109738732598	host C sanitizers (macOS, native)	Run jdx/mise-action@v4	2026-09-30T01:58:26Z	2026-09-30T01:59:26Z	success
36657614384	df5cb7a1792bd6297b7ad0c9d0f4d58721f8e8d2	109738732598	host C sanitizers (macOS, native)	Run ./.github/actions/runtime-archive-cache	2026-09-30T01:59:26Z	2026-09-30T01:59:35Z	success
36657614384	df5cb7a1792bd6297b7ad0c9d0f4d58721f8e8d2	109738732598	host C sanitizers (macOS, native)	Run mise run test:sanitizer:self	2026-09-30T01:59:35Z	2026-09-30T01:59:40Z	success
36657614384	df5cb7a1792bd6297b7ad0c9d0f4d58721f8e8d2	109738732598	host C sanitizers (macOS, native)	Run mise run test:sanitizer:runtime	2026-09-30T01:59:40Z	2026-09-30T02:04:04Z	success
36657614384	df5cb7a1792bd6297b7ad0c9d0f4d58721f8e8d2	109738732598	host C sanitizers (macOS, native)	Run mise run test:sanitizer:native	2026-09-30T02:04:04Z	2026-09-30T02:33:28Z	success
36657614384	df5cb7a1792bd6297b7ad0c9d0f4d58721f8e8d2	109738732598	host C sanitizers (macOS, native)	Run actions/upload-artifact@v7	2026-09-30T02:33:28Z	2026-09-30T02:33:28Z	skipped
36657614384	df5cb7a1792bd6297b7ad0c9d0f4d58721f8e8d2	109738732598	host C sanitizers (macOS, native)	Post Run ./.github/actions/runtime-archive-cache	2026-09-30T02:33:28Z	2026-09-30T02:33:28Z	success
36657614384	df5cb7a1792bd6297b7ad0c9d0f4d58721f8e8d2	109738732598	host C sanitizers (macOS, native)	Post Run actions/checkout@v7	2026-09-30T02:33:28Z	2026-09-30T02:33:29Z	success
36657614384	df5cb7a1792bd6297b7ad0c9d0f4d58721f8e8d2	109738732598	host C sanitizers (macOS, native)	Complete job	2026-09-30T02:33:29Z	2026-09-30T02:33:31Z	success
