sequence	family	birth_utc	modified_utc	bytes	archive
first	test262	2026-10-03T13:59:24Z	2026-10-03T13:59:27Z	9750376	liboseo-runtime-12ae10c5c55e4d37e4027ca5c402534c8c5352760468c13dc5d4aa8e3e1133b0.a
first	native	2026-10-03T14:21:44Z	2026-10-03T14:21:44Z	9726496	liboseo-runtime-28aa48dd0fcd46aaec3ce59d5accb96eb1ebfcacdc11d25ca92c4c00101df1f0.a
first	native	2026-10-03T14:21:43Z	2026-10-03T14:21:43Z	9728696	liboseo-runtime-5566fa7e45a3b2b465827fa5b975e514d0ac5740a672f82ff53f361629d68d32.a
first	native	2026-10-03T14:17:23Z	2026-10-03T14:17:26Z	9750376	liboseo-runtime-f5412c3c3c6b8cec8cf221d03e0a09e1a512d25d485a199b885a31311bad3fcb.a
first	native	2026-10-03T14:17:39Z	2026-10-03T14:17:48Z	6816398	liboseo-runtime-ff2d03d7578c497e41243a022c291f249f010dc748dfc791a44baae16fcbdc3b.a
first	ownkeys	2026-10-03T14:27:37Z	2026-10-03T14:27:41Z	9750376	liboseo-runtime-0969887c3a376393b5c22220c4be7a42fb8c9ec700aacba2711431aaa6d2c275.a
first	sanitizer	2026-10-03T15:17:56Z	2026-10-03T15:17:56Z	8213224	liboseo-runtime-01a04c4714bf7429013567d22d887305a11e6c7cf174806bec63c23f621adf50.a
first	sanitizer	2026-10-03T15:17:33Z	2026-10-03T15:17:33Z	8209184	liboseo-runtime-0a0fe01f877a9c7c55357427cf386bd26ac07f317fdca50f23ee8bbcf2325d7b.a
first	sanitizer	2026-10-03T15:16:04Z	2026-10-03T15:16:04Z	8215512	liboseo-runtime-1a47335d2deb6f78804a1ed1baede54a411bbc113302c6291f6688196d861274.a
first	sanitizer	2026-10-03T15:06:04Z	2026-10-03T15:06:04Z	8218216	liboseo-runtime-3e3db17caa090c4c4726734874b22001034afa90ce54136597a74f3239e09f4d.a
first	sanitizer	2026-10-03T15:16:16Z	2026-10-03T15:16:16Z	8218568	liboseo-runtime-56ed2cbd4fadf4aa708d13b3a999a93c03d9be0ba752c9853fdc20a98aa902e2.a
first	sanitizer	2026-10-03T15:17:00Z	2026-10-03T15:17:00Z	8215440	liboseo-runtime-5f13b124f1888d9451bfe1439ea452b7fe127784b1170b761580be4abb859ca8.a
first	sanitizer	2026-10-03T15:15:56Z	2026-10-03T15:15:56Z	8214392	liboseo-runtime-67eb80e4f8f31c7df70c2947514cfb1485570495464c3bbd68b8a06a6639a8ed.a
first	sanitizer	2026-10-03T15:16:43Z	2026-10-03T15:16:43Z	8218336	liboseo-runtime-89d9898d452746c5a8f5eb1c7f92aa02231023637cbfb808a431fd25d31f1846.a
first	sanitizer	2026-10-03T15:17:25Z	2026-10-03T15:17:25Z	8218280	liboseo-runtime-acc63b00dcde01f907daf070a8f4e37bbb66bfb001da1a5634c6cab37d2153cf.a
first	sanitizer	2026-10-03T15:16:51Z	2026-10-03T15:16:51Z	8217328	liboseo-runtime-af7f2471817d04f276c439b9b45539567236df0b9e26e8d26064a22905eea6cc.a
first	sanitizer	2026-10-03T15:17:08Z	2026-10-03T15:17:08Z	8218368	liboseo-runtime-d11a31c9639c8a09eda75eb71a509de8787d43ea346791625fb32cdeb41014eb.a
first	sanitizer	2026-10-03T15:17:16Z	2026-10-03T15:17:16Z	8214312	liboseo-runtime-e78da454eed79408e15553d839171e081be30b8f1fd42369497dd817e70e11c3.a
repeat	test262	2026-10-03T17:51:17Z	2026-10-03T17:51:20Z	9750376	liboseo-runtime-445a6cc3bf9f56665b124784e8976bec59f2c1c2fe8ada48d30db8fc8e0290b6.a
repeat	native	2026-10-03T18:11:08Z	2026-10-03T18:11:08Z	9728696	liboseo-runtime-55d02f2d6766ae60001a7e5a78331c1f0582dcbb1a63b76e1eaa61f984a48c97.a
repeat	native	2026-10-03T18:11:10Z	2026-10-03T18:11:10Z	9726496	liboseo-runtime-867a74806355f749d57eadac620f4247f470a20585126bce8e1c4828b7cf0d00.a
repeat	native	2026-10-03T18:05:45Z	2026-10-03T18:05:55Z	6816398	liboseo-runtime-b1c3435fa8039de3fa4e335e30b5107dcaeff3a2da4516d1f288e590b4150e68.a
repeat	native	2026-10-03T18:05:16Z	2026-10-03T18:05:19Z	9750376	liboseo-runtime-fbe3a2864d2f0b541fe1d9b8314c51cea6972f9c042fd8dcaec5866817dfdd3d.a
repeat	ownkeys	2026-10-03T18:16:53Z	2026-10-03T18:16:56Z	9750376	liboseo-runtime-a06b501db55e785d62c3a4ca5122203c28ed88776e8c1e10d577ad711b3176bb.a
repeat	sanitizer	2026-10-03T19:09:19Z	2026-10-03T19:09:19Z	8217776	liboseo-runtime-09d48a6b626f6cff60947d41231896889370b8f6e4f8c4694cb42d99a4db0251.a
repeat	sanitizer	2026-10-03T19:10:36Z	2026-10-03T19:10:36Z	8217704	liboseo-runtime-0ec8f6dc987b1aea98f58807cdb6b7294ff4a2edad47f1abc8685f6b923f946d.a
repeat	sanitizer	2026-10-03T19:10:28Z	2026-10-03T19:10:28Z	8219592	liboseo-runtime-134152d1b09103b1ba89d8ae8dc7aca0828fb584454e633b281537bd8604120a.a
repeat	sanitizer	2026-10-03T19:11:51Z	2026-10-03T19:11:51Z	8215488	liboseo-runtime-18aa7e61ab6327e351dd25248df578d1bcb2e229b5324c49ee677c8370fcabf8.a
repeat	sanitizer	2026-10-03T19:11:02Z	2026-10-03T19:11:02Z	8220552	liboseo-runtime-1a7e2b0714bbc68421053c23fd64b1c7e1bfd1d8385eaa04bc7a643fdc583fad.a
repeat	sanitizer	2026-10-03T19:10:19Z	2026-10-03T19:10:19Z	8220568	liboseo-runtime-4f88d8cd391f1eb1a6f0d8860284d7a46645da18cd39b919bd9cd67ea094255f.a
repeat	sanitizer	2026-10-03T19:11:10Z	2026-10-03T19:11:10Z	8211456	liboseo-runtime-6884192c724f86e5e30ecf69c0f24cfa6e934a302b47963f229c2c4bcbbb161e.a
repeat	sanitizer	2026-10-03T19:09:10Z	2026-10-03T19:09:10Z	8216664	liboseo-runtime-7913a29c1f8d72d5000504107a65e0f56bb34000a5d5bec6d865353027247444.a
repeat	sanitizer	2026-10-03T19:09:35Z	2026-10-03T19:09:35Z	8220824	liboseo-runtime-79591e5dbd30233ed3e54ce863e153c4aa65f3e883e88fd12633a6bee6effb2d.a
repeat	sanitizer	2026-10-03T19:10:45Z	2026-10-03T19:10:45Z	8220632	liboseo-runtime-c91167b742752c3204080658259eb501cac8153d5a38259d91bab04b9114db4c.a
repeat	sanitizer	2026-10-03T18:56:24Z	2026-10-03T18:56:24Z	8220480	liboseo-runtime-de623275b3d4e49fe9a9fe60731713044f0e9f48697b4b436cf98e3d803e5d69.a
repeat	sanitizer	2026-10-03T19:10:53Z	2026-10-03T19:10:53Z	8216560	liboseo-runtime-e05b0bac7e0b9401a08a7aad1010672199c1b3dfc43207d41a7a1eb0ee5a47f7.a
