probe	compiler	workers	index	sha256
probe-default-1	zig	1	0	8eba29492a55aa1bf7749ced7b6abea7589c00f56dc1df2f47897166422145bd
probe-default-1	zig	1	1	8e706739f52a30945fa72d5e8b3b85afa4c3bdde03d265bb9a402e82c3414f7e
probe-default-1	zig	1	2	b9e6ba483872071adc919074ecc93e28bc93096d3634c05123e3976a7bebed86
probe-default-1	zig	1	3	26e36cf01986fa5de10fa87204400d0d5d0d492df98a70bbd6d34fc0bfd12643
probe-default-1	zig	1	4	0f5912a4796a13abc5b0415fcd06a5ac5448b20a73d3f2dae426c60a7a5e04d5
probe-default-1	zig	1	5	bdfa6b1edeaedea8a0c9f836669a8eb74a4f6ecc1a606c5a0076b959a2e2c554
probe-default-1	zig	1	6	a345a9c9d444a36090fa43e7376ba022c27b69665978f08ee3a2704d64201a56
probe-default-1	zig	1	7	1a0a9d1e216d7386e487f8067c49d5e0c09f6714e49bb0a77cd1927c8f89ae4f
probe-default-1	zig	1	8	994aa26efab5dec23dd33f0b70f2eb0153200f33ab8de0d5120edcc26869fda9
probe-default-1	zig	1	9	8dbdaee85c8400c15ad196529f7480fe5568e740ceeab5a9c4d59a3f9504d119
probe-default-1	zig	1	10	f1a25904957c291baff7cd7cfea8c7fe0bb419717aed256e7af7532a976c91e6
probe-default-1	zig	1	11	8150b395d23266aaf238b814a64d2dd40223e41c629bf79906dfd875e92db11b
probe-default-1	zig	1	12	22bcd8a32acaf847b19ca604695a16a40f6182ca4ebc9398d9572167f093fcc8
probe-default-1	zig	1	13	ff574c936c929797eb4bedd047f03121cf9b8481c7907bb3c22d2fbc819951b6
probe-default-1	zig	1	14	8ec1e2f4ececc2fd866789e55781f1900432c9f63f102bd91a837f42856390ec
probe-default-1	zig	1	15	db728afa0ab2b74c447dd8c30cd6beb2e5125d416923e1a4dd81baf4260b44f7
probe-default-1	zig	1	16	4404b434fb8e421273ee9418f63419936f8e39d5a94d871fba8f9f3dddb7851f
probe-default-1	zig	1	17	c29432948c5e0ab183fae7b6006e81a4a071f0f8f2c4099b8e287f698876bc91
probe-default-1	zig	1	18	f2f43e8a55b650e88775f18778bef1ba7220c0b2e55d2acd31350f43c60a079d
probe-default-1	zig	1	19	11dad257621e666abbc34840952eade95337ef29c21c83a0397c348ac0f11dd1
probe-default-1	zig	1	20	f8b8eb894730d502a8c610985d1d99e321902db8d609824a7798166bf2189c87
probe-default-1	zig	1	21	857dc088697c61638a3006a97e8fdb4a31a5b0f8d617346ed5a714b5250456f5
probe-default-1	zig	1	22	59cc3cd54f4c80f6a8738251f82756b97301e9bd095c339e1b39baab7afc0c52
probe-default-1	zig	1	23	2550f02be152bb3e816c03602f79d9dab5862f7ff2966bc94d5d12f7ad055e75
probe-default-1	zig	1	24	e5d23a0d534ef6ac456cd3a2edf78aecb01f7499f1679e1325bacead97992b1d
probe-default-1	zig	1	25	435c2034628c3c8aa8b715a4327df8c299d3787993236321183c23761508b305
probe-default-1	zig	1	26	6fe55ca27364b5bb0c4c31764c03075eaa5ac71078657ca062296d6fa8d5c80c
probe-default-1	zig	1	27	3d95354ca1558f7d8ad431967a0c8cb91ca7750d48d563d4813532e80b51e4f8
probe-default-1	zig	1	28	ee5bed03f26772d139ce69df34d1b61e386776d276d1e74a7a945f701298da80
probe-default-1	zig	1	29	087d19a144161f39222920ae40c76b21a7b7d6a0c929b8be31313cf86785238e
probe-default-1	zig	1	30	0dc0b1adca13574dc637a3d7692838a273bcd0dd58a809054b10d5c455ef76d4
probe-default-1	zig	1	31	8008e75a6dcd093ce10f6d15d58dc81690444458ba9ffd90f09aac08c2a988df
probe-default-1	zig	1	32	7fe79662ce73633e31172bea8719a9f67ae34daa1f15cce384edfa49e65f953c
probe-default-1	zig	1	33	2e5d0c771b505af4e6f0eda9132665de4a3b1fb4138e56bda85752dfe35b82f2
probe-default-1	zig	1	34	9aa208ca8ed1810a43e41d9b4a578376e2bde23ef994b06f044ef6a02b6fcdb9
probe-default-1	zig	1	35	3332dc9b5530bf6ca6b5e2a5369da1ad560008047938dc6490c085e6b6d362f1
probe-default-1	zig	1	36	6b2e8a11d2bef906a3046ea2d49bb3c0f33e4e435feac4a8e6517a9b98d5f39c
probe-default-1	zig	1	37	cd18786c9901ab8afeb77f85d403dba66933c18756010a9cd181608424889cc3
probe-default-1	zig	1	38	8c15ad1f9823f3ee53c92832f8a7582b91336345df7d1879a114dbeda7d8de98
probe-default-1	zig	1	39	f829b8a7abca5cb243e62d9d850c22a230b47927f4cf27d049a55b7eba6c01c9
probe-default-1	zig	1	40	7aa0d39e2d14ee39ae0830c51f8004b8af5fb376124da18dd2b478c1f8265bf4
probe-default-1	zig	1	41	6e2af072ebd6538976d7be5cc62777b141545bf7443d60042a0c2f5f6000ec69
probe-default-1	zig	1	42	25fb379492b0a410395f68eb38c0cf5348fa469c09585d9488a3a482e7a45d2d
probe-default-1	zig	1	43	b89204906c3951058ee02a83919e9b5ad2518a42d9d13c20f9a9b37f3ad8b65c
probe-default-1	zig	1	44	659192b111c4b6d0b1ad93f95032b38f77b80ad2884ead702c99c41a313529f1
probe-default-1	zig	1	45	2e727aa3d6ee25fc0f7f4c7a03c6f6441918d7eebbfdadb4b9448596c5a5f7cd
probe-default-1	zig	1	46	cd07d30564930d4ac90543eee9862de5dd6b7f0261c09dbc5a949d1da960f113
probe-default-1	zig	1	47	b16e0aea610b624067ae300fb0594ee067f6aab9803b77ef1ec1ae25e59a3156
probe-default-1	zig	3	0	037d5a55e8f8374417b49c93a96c674205c5055dba64a555dbfe864305ad0282
probe-default-1	zig	3	1	c0d4c6619d151b6cacba32700f6550a771499e9ce4b8c34e6c9428860e191f93
probe-default-1	zig	3	2	d7d6d54abf249b692908b24fe1925e71403b49bc9469a4056042d8d2d15e28e3
probe-default-1	zig	3	3	fb164a71d8e1a02b4f6b2a86030642f32640b16209e4c3c33a170c25796282aa
probe-default-1	zig	3	4	a80dccc27856a4a319e359f1a2c31372adf365f9cb49cb99d33c0b9edbce9c38
probe-default-1	zig	3	5	943f46619bba92e59434de7889999c82ca634352bd3e98d5aa24c8f5389c3f16
probe-default-1	zig	3	6	b4da9314740986068b70f186535b9efc265c81cf327d6f8c29c5aa83751c4f7e
probe-default-1	zig	3	7	3e54e56c41f8fc491258b1ccde31fb3e1ff6a4efb6593ab821dfd9231665a605
probe-default-1	zig	3	8	35f721c7b05be7c9d7365fd03f2c6682fdbf42558c42d457a9c232f0ca40d732
probe-default-1	zig	3	9	a540182529564047c6fc11f42b1ab3d914f79b8711205e02d9174ec50536acae
probe-default-1	zig	3	10	e442fc484e3b446477534051e8e6fb62bf7bb7b0612fe14481778cf914c1ad03
probe-default-1	zig	3	11	05f68283257859fb7960ff4d0e3374bf3dbaf6e3b6b959e1546a6421310ef923
probe-default-1	zig	3	12	704b4728553d2a59b9c4b722b65677130415d3f20749d9771085b97085c9a16e
probe-default-1	zig	3	13	858d8f11dd9fade7608cdf1e5d9b64babe7242bd5ae269816ffaa5aa2f02b196
probe-default-1	zig	3	14	c5a70171d6f09a05587cecc9910cc6f8cd4ab599d404de252335e72497edf135
probe-default-1	zig	3	15	21c66439396cb65c1b4e0d6e6c6960e9c59c29f4cf1e104f31e5399b2c827375
probe-default-1	zig	3	16	107af9caa591458e895dc4d11f3b7195d68a683ee2b37deb3625bd31c6a12e4a
probe-default-1	zig	3	17	09ed2a1d6f560be80907e8335242e629fe740da30ffaed76fee9db84367b61af
probe-default-1	zig	3	18	99125884bc5782de3fad99ac34e8da925adbd2c62d0b273f6ee84c943ac77ba0
probe-default-1	zig	3	19	06a011712e1bdc13a32e295061d66d36dfbfe7c5746aa4d652159bd3d6c41f2f
probe-default-1	zig	3	20	2419880f3b8b096263143a0e4bf5b034eeaaca525f4412c51923fef2a04fd31f
probe-default-1	zig	3	21	52c16682c6d1231849fc1c51e09168726ee152a96563632f9c6a23ea2dd5539e
probe-default-1	zig	3	22	8e2548cbdcf2ee41dfcdda5eaf28214dcfa468e572c84a0a4b7aca63d3de495b
probe-default-1	zig	3	23	f32d1601aa2c0e060831c9ef883bf357eab41e81c9cfc619ac1a3ac5c6b9012d
probe-default-1	zig	3	24	51219ba4f8346ffb139361512187e153b02b6781c5595784070a929b785fafeb
probe-default-1	zig	3	25	be3c90c83274f939d867704c18f555a5a64bd71c2eb04f825b05f31f89a8fe7c
probe-default-1	zig	3	26	c9b2ccf86f96517162e22e600f4b6756d3437b1d923b284a8c96d054a7251c5b
probe-default-1	zig	3	27	dbe469211d76116f94a386172c00f8384e6b2426e986d34cd60ae487c1d88e21
probe-default-1	zig	3	28	e30d94672630baaf7dcde4f51c533bb7ac27cf3ebe38b6301193d374d310079c
probe-default-1	zig	3	29	b873d6001c8ea5cf96b19f770c8889c475918fe47d4150ae10dd3d15e3d795bc
probe-default-1	zig	3	30	622d3fe8092ab4d2195dc74d523b5f22591d0f92d29b63e10631f68366126837
probe-default-1	zig	3	31	6f91b4a58b445c6c00288f4d4fafc011d6bb753d3c7db0ed842c179818586adf
probe-default-1	zig	3	32	626f43fec59f24d4c521d685d8d640d14d180db68d5184957c20cf62abd8962a
probe-default-1	zig	3	33	631565da53a6b5c65a4422274daa622a9a050306e0cb5d772287b37623fe96fd
probe-default-1	zig	3	34	5fa8d2f67e886974f5d0bdda7b953fca34057cc34d69c5d66e4ba2d7f34abf8e
probe-default-1	zig	3	35	93f422d24ac6e2a5b7b499515aaff4063ec650702db1b894eda67dc410e70522
probe-default-1	zig	3	36	21b88ac73138ba5b52032baba85b570cb1369c04184871c8ef12c5a16fe8237d
probe-default-1	zig	3	37	061cbe04b9bfd93bfe7cc61654c481be4e901b22959e33430c9ac9034ed6c488
probe-default-1	zig	3	38	6534cdb3ec006baf54103ba10577f1f482c0ce3f2c2183a08a55023c9c85bd2c
probe-default-1	zig	3	39	df2fcbb7ab36f9bc6b85c928dafe3066ba1eff721fd5bf44c35a808921ea8a4e
probe-default-1	zig	3	40	f93431efcba13a24ddb226bc7d62e3d3642fe5bca34e1d3f6fb0d2bd44eb6b89
probe-default-1	zig	3	41	757898b339f83c5c162a48d5e8853d759826a43a097a7369452e9710a0cb28c5
probe-default-1	zig	3	42	1c8c132584957204b45f2b9a664a2531a57c6ed0574f762fca1d039a78506817
probe-default-1	zig	3	43	20f03cb74fa538ee522807b0d862431861f3957001ac6597d8658d6932828d42
probe-default-1	zig	3	44	910c4c8fa82b92c2f9c02c379f5ff4f527a28a70ce513f0b34f0232b1bdbd6c9
probe-default-1	zig	3	45	c6505971c87f7fdd6b690eb08e5f1a05e8baf9f89b65cbac640cf51bf539325c
probe-default-1	zig	3	46	189705e4a5c50386556367f0b73df697111efe126a57337a6a8c50056cbf250b
probe-default-1	zig	3	47	57363dc29f6f02d04c19ebee8224d798bc65a841726469fe020b1bf8115e463b
probe-default-1	apple-clang	1	0	9d7b4f8ca6a5e27420d2b52ef982cd435dca3f442c285f28262f8b03a71bbac9
probe-default-1	apple-clang	1	1	da87a2a2e6732c58455e2dbe7325827c54a9393c8363d0140bede5def98c403a
probe-default-1	apple-clang	1	2	b7c7daae137e1dab27d285c2766dc2788fb779f87f1e5d8ce775ea6c3417001e
probe-default-1	apple-clang	1	3	fc89f18248685ba523f38fdb703dbb1a4b44ee17b6b4fa7cbf1834e08e3eb559
probe-default-1	apple-clang	1	4	49209692a94f51026962f492fa6a88e1bba942b36a2a6a97d5dc4d96a746dcb0
probe-default-1	apple-clang	1	5	b81bff73ed0ae3e3dd64b24d84838e6a97d35541a90256bdab2192812e9c1c67
probe-default-1	apple-clang	1	6	75c0c4ff93c0776e90634b7369f37f8f85319db9dc833c0dcf2546e4d678515f
probe-default-1	apple-clang	1	7	01e1b03adc16c5e875dd66d38466b609955fb210ac4373b7e1f62ae01e9cacad
probe-default-1	apple-clang	1	8	0c97f0d1a251611302478cc476197c8ca18b58fbc19c7c3e158440ffc4e3d74d
probe-default-1	apple-clang	1	9	86e9fe72ca565644108eeb567cfb6048dba8377c5f92aa88dba73ed3b11f6017
probe-default-1	apple-clang	1	10	904553aa2d6c45abd50ebc1bdc01bf4ea15d6311dc7002b24d794c9089db0036
probe-default-1	apple-clang	1	11	8c0c9bea72dcf147d3e92c83bb1af8e009596826de6f33e3c9d3aab288ed544e
probe-default-1	apple-clang	1	12	c026dd878fd5bef974e88443f1e2326b4214a34cd12aeb81a60fdecd21ad25ef
probe-default-1	apple-clang	1	13	4f67c9e6c48ca68cee0ab1fb27bbccc75c2d0ea134395089bfe37ea32e807522
probe-default-1	apple-clang	1	14	9ff707fdfc747305af536122bf180d3871118e67dcafb1544e487b04da24f647
probe-default-1	apple-clang	1	15	5063da47f40a3737dcff035a5d5a15812ab732f25d878e29b4235ac29d6805b4
probe-default-1	apple-clang	1	16	65a09e3022b0fa0c27e3c7231d747ade061332c2ee0cd6141dda63d007393ca8
probe-default-1	apple-clang	1	17	82defa7ef3b982c394a2cb7eb02a0f818f47e18b62cd00ac7ffbf5864cefab8b
probe-default-1	apple-clang	1	18	1aab5a7fbbb478cc562d5c0629266fed907e808d297b72ed08edbca932c2cf10
probe-default-1	apple-clang	1	19	d404058611d6462f7e7c0fed48cefe789793a86c29431cdeb7983fd65ea89fc0
probe-default-1	apple-clang	1	20	ac41faf1becc90e9c4286a52cac6048af6dbb4673b999969afe8c215fb8b36ff
probe-default-1	apple-clang	1	21	6a7a631cd5b60f36a6d7b06b9cd43eab0a1f5a26826ba52aaae8a8a5fb1795e4
probe-default-1	apple-clang	1	22	0ae0120d20c77836ba3ec012d9f9e7c12064ad27427bc0b36e165cfbde70f610
probe-default-1	apple-clang	1	23	72fdc7ee5cb1f1657e23bba3035596c9286acb2c2b0a6fd1031d07ae2db0af9d
probe-default-1	apple-clang	1	24	fa38c2db4fe1fa0685bc2ee072e0b9483bd54f4409e8b6c707686d89774e8934
probe-default-1	apple-clang	1	25	32de8fd068e2259348b7e2227ef4ba9cbcfcb47c79453d7a0d38711572df3398
probe-default-1	apple-clang	1	26	aae44c2c820649764aae0186047dba012bc41001d5fa0eae6742052c19d6da6c
probe-default-1	apple-clang	1	27	d2087daaae2d8036036c1d6087adca51216472704098910425ecce53c7920429
probe-default-1	apple-clang	1	28	6d7e936d4ee72ee8ce63cfe464d5cb8535f11c15e5990b2d30f1ef429c4b224d
probe-default-1	apple-clang	1	29	64d8145d29e9eb22389df625624fe5997f415df5749c78845ec00fb3faa0bbba
probe-default-1	apple-clang	1	30	6ee5389ee014b9d178d8720a5ab58c2a703971cd53295bcdf31f13b4e9f320a2
probe-default-1	apple-clang	1	31	12cbe242118eaa2418b8965f9c5efc05cee359561a492a39263584907538c42d
probe-default-1	apple-clang	1	32	342ccd47940c010ec4712133798c1395b16f02b209c7599c24f56211b3a644f9
probe-default-1	apple-clang	1	33	1464fcd1aee00f530d9e0ba8d59495dc7d916e96ceda901f05e4bb7be28ba506
probe-default-1	apple-clang	1	34	1cc06faff40fb0aca63fda702e21f62de364fc06be9728e4bde9d9bb85af4344
probe-default-1	apple-clang	1	35	41c633ece34954e60eee93773398205ef2914168809ceee9e559490a3b0ae000
probe-default-1	apple-clang	1	36	9b79480b78235cade17125467e46acdfd47c7d5d8e3ba45b9cc34c348d25935d
probe-default-1	apple-clang	1	37	7e155a525c2b11d854c9d00482c1b3fdb5475632922017755eb478f0ed15b601
probe-default-1	apple-clang	1	38	83b3143f0dc6765bb1caa72ce0d4c6ef5bd488eb1f64aca1f8b6187968d9f4d9
probe-default-1	apple-clang	1	39	1396b749ef6456885c33cc62e2b7723035edbb4f2dc38f2e47cbce0b347915c4
probe-default-1	apple-clang	1	40	2c2fed1bd0144f77c05d9a84ff5c32fdeee8660dc30a7e33e60d3be31ef4d325
probe-default-1	apple-clang	1	41	30ce59a8214b01d84c11085da68b1e0a7b9575ab35cd16ea12b03551a0bbe977
probe-default-1	apple-clang	1	42	077f2c336065875cc30a8538ae3e2e256d79e04119b0f46b9e8b362a1e80a650
probe-default-1	apple-clang	1	43	551d3accb924e68bf286414f6b02c28d7f1f266b686471f995e96282c6204b3e
probe-default-1	apple-clang	1	44	a81dc42bf5d969f8faef800afc6bb4bea3a826fcb9a3e3f90fd2d04fe214b25d
probe-default-1	apple-clang	1	45	efa355a5b6e0a7342f947d18ba22bdf4488a1567919f78f0c1d70b92375bbff4
probe-default-1	apple-clang	1	46	a060c012799948c857de7ebbd25a30729f412d24d85548391eceb679f0ae7b00
probe-default-1	apple-clang	1	47	8370d7f4e4377c50146781fec3c4aa11ce47ed36f215514a8263aa7d9bce61a6
probe-default-1	apple-clang	3	0	aef0208eabbc5c926b8c0c90ac8585a9fd2b4af755528052ccef2daf005b5a89
probe-default-1	apple-clang	3	1	9bf9689c40de17531ebc9ff1940ac5761975e164e360feb72e9cd214aed010b7
probe-default-1	apple-clang	3	2	6f10a7e2efaddaae9c1fd84d55801458a1e1a1dfefd2e5b0b1b9c117ac070a96
probe-default-1	apple-clang	3	3	13da2affe64adcb153aeadd6834d87086ae85de01eb2cca8e3698d43dc49b6df
probe-default-1	apple-clang	3	4	ff9805dc997350afbc1ae4fc232f4f32347b2ed1b830438eb2f6269f0ee598d7
probe-default-1	apple-clang	3	5	9c14c761b337e1a78e279cdf619208936ecc8d9904d3e70503292e8021fa55d2
probe-default-1	apple-clang	3	6	2aabfe1c01aee813d6556d6e0b05f51bb0cd1802eefb248595257e9a9ac343e7
probe-default-1	apple-clang	3	7	c4264ff2194ab3321c6dd069d3847f1a89eb65ec675a1174a2bccaea49086d03
probe-default-1	apple-clang	3	8	576f0a99a68ff35fb8063dad8ec28b2d958726bdd2b987320ded007b2124b1f0
probe-default-1	apple-clang	3	9	62df66146886f36b97c543ac6c02ca03277660b1216e8084441cdbe75c7b1ef0
probe-default-1	apple-clang	3	10	8794cd231a48e0f3f1fd16341e904095600739a3df1f55d45409e9df0ef295bd
probe-default-1	apple-clang	3	11	cc1375672c903a8f221ce6ba3c32fd067e72a8ae7975eaf0fd18c882fa84828c
probe-default-1	apple-clang	3	12	b0b64af933eadc4c5d40fc1899409341bef0aa0b9630edb407d68f2845ce2706
probe-default-1	apple-clang	3	13	3086cb05475dc773b278ec722d5aa947e2a30a7dd2956fa3dba28d12c118a86e
probe-default-1	apple-clang	3	14	186f41e700a55a873a158c8c23e4f23a08885091fc076b3e2393bef96ac2c4cf
probe-default-1	apple-clang	3	15	85aa3031afef9a44c067b2cc9f13e64b291a6d1993fc0360e8cc1a9b0bd3b327
probe-default-1	apple-clang	3	16	8f75507cfe0dd5eec09e2ed70bff9a4b202557c546ffc8099baacd5b7c152ce1
probe-default-1	apple-clang	3	17	9e1806f5e90acf8b141d04bfcde11d7fd6a7e69b3ea6be689211dbff02b12545
probe-default-1	apple-clang	3	18	9b11352d410b740e7173fb60320465522ab661551e05aa0e81580b006ce215ee
probe-default-1	apple-clang	3	19	eb9b00d8d4323930036d54b35d6ad7ba20c6cef25a2218aa2bf6e60b77fff40e
probe-default-1	apple-clang	3	20	119b41b6fb1717dd30ac39d36812d50095aac3055d575d5351154e76c40271e0
probe-default-1	apple-clang	3	21	a7997c76409593af4bffe6500e425d6622cf01b9dfe30c5737578d08ae7b22fc
probe-default-1	apple-clang	3	22	532882f5f79fb88f6c1420fd372aa7c1ae102d765d455808005be46c6a58f4cc
probe-default-1	apple-clang	3	23	536be9c042a626a72edfa1625fd50dd3e04a33ed3548b6c3072bc88dc7226570
probe-default-1	apple-clang	3	24	2a555ce12d7b1c6ca9b59eb2178a71b93429eb23e35b6c9cff5f40a8c5283fb3
probe-default-1	apple-clang	3	25	59aa887323d1ca0d97dd87699eaa57170dd95e87c3e193e38a3be57e1768adb1
probe-default-1	apple-clang	3	26	58a7aab643b9bcf8a6594ab31cb5ea42e54c031db9f539ec1823f79b92800dc8
probe-default-1	apple-clang	3	27	9a8c372f53da4571b2f6411b6c5b33b9015748682be4aa68c14918471dfb68a6
probe-default-1	apple-clang	3	28	d875776db19895d9686b91618ec10c7eada44211c01e18c62d7865012edff32b
probe-default-1	apple-clang	3	29	c53546334fcb363dff9c55ce9c65251cd4a8d390e0a9f5d4c3ce31254218d38f
probe-default-1	apple-clang	3	30	ca0696d6491ee5d364afffb0e5dd2e990c8f89dfc3a40040197dcc7d71da65bd
probe-default-1	apple-clang	3	31	78f89fef385e4449eb59fbf420bb4e583e79419deea5902c8c546754e489e522
probe-default-1	apple-clang	3	32	afd8ae1fe8e3c41c35d524d6c42e1299e1bfbcaa45da08788bbe42afd7449b4d
probe-default-1	apple-clang	3	33	26774a13c94172f7e62fa22bc30607893cb283111ca0089bc509271adf077067
probe-default-1	apple-clang	3	34	981afd53b8be26d4986969bc995b7b282d55ee46d902eb5450cd3d4a93b842cd
probe-default-1	apple-clang	3	35	2adc92388adca8a231062dd1ae195900f6da6cb1a055c996d739ae769f3517c2
probe-default-1	apple-clang	3	36	7659704f8a51a3504cb255dbccbb44b67a21a1580bc61f6c1123e139e16af6b8
probe-default-1	apple-clang	3	37	e5c00f1dd5e4526ce9ab33fad77744c511004ce7e75b726ac384f66d192701fa
probe-default-1	apple-clang	3	38	8f3fc73fe3e22005f2bd01c2b41b30a8c3cb495599b81326d507f2beba3565a7
probe-default-1	apple-clang	3	39	030e92cf1d1f047c72413bbaa960d22d8c8ef63236b8f0d4a7640d732c2f9f47
probe-default-1	apple-clang	3	40	e9d2b3e7781a290157b5328ff87bf878957a5775afdb47a395da48bd19902de7
probe-default-1	apple-clang	3	41	79799027c0b603656c4c9f1547bb8d5063d826226ce3cfeadbdd850d473faa25
probe-default-1	apple-clang	3	42	c177eb9aff53bdea14918ce5ba622dce994dd9e126ac5aac8bba2ae6dbca06df
probe-default-1	apple-clang	3	43	9657b9abe87e1ce336f79e4849ae16f2a58326c7043f628ab144023f96967389
probe-default-1	apple-clang	3	44	0167bf8e824a0e9d7999acddd7aeb7dab4a702f3b7321b623c615d54a92165f5
probe-default-1	apple-clang	3	45	9371204f178deeb7f9723451db7882ff8ef508d181044a90d6576b4f0d5e6b0e
probe-default-1	apple-clang	3	46	0ec8534089d1c1c9acd4fb34b2ed41b5562a9a9f8e27f34fc0317c68f296c613
probe-default-1	apple-clang	3	47	aaf153375367cce7e745a9f6f5dc92cd76cfea33938e068d5c886db87d4d8c3d
probe-default-2	zig	1	0	6ded4e9023098edb23bc3a2ab3e7f3cec623585303eae892df90660c92c657a3
probe-default-2	zig	1	1	c2c76f83b1958836283e8b6c47770f3651251ad18ae7c263a8686735c0a459c2
probe-default-2	zig	1	2	3bc5cc0817d7433e3d545a2862ba65fab3c3af3bf59859bb65146595968a24a2
probe-default-2	zig	1	3	025d14f168568af5101ebc517dc29c6d9ebca41376c2c2f3006e19bb18b2a99b
probe-default-2	zig	1	4	6380f3965c12cba507218daab88ebb654a73ca39cace53ae0220ccfa777595db
probe-default-2	zig	1	5	b8e1a035b0592f2d4042ea211b588e261f198c4ca4095586b65ca61bebe0752a
probe-default-2	zig	1	6	86de7ffa8dd8dc1bf72bbf88e01221b4e93789385a644da3fe9433ade3897e9a
probe-default-2	zig	1	7	7244da09d6c4d6ccecf3c0c97690f522427b422773e745a6092492fb92046eb1
probe-default-2	zig	1	8	dc3d9ee5f5cff1f45f868e71d1b44b8d62f5e1ddf9f3535b5297b1dc1dba2715
probe-default-2	zig	1	9	72a7e14d17107da232271151974f7413bd43ea38d526340326b3e169d01be49c
probe-default-2	zig	1	10	d46254bbf09fecadbe40549223e4e9291b6ce5150a81ed42fc871ac3c5473c99
probe-default-2	zig	1	11	f1843670024f22b505f8d68e10b10c83e6ee192098009ce7db8e9825c64a3295
probe-default-2	zig	1	12	c9d1bb2e6392e6e39ff43c95313fd482c55f9ae5de6d82ee0bdb0c3d9d15c27e
probe-default-2	zig	1	13	9d73d224aec27f04131c1d3f1a8accfd88409dfc56c7a38536716080d10a6cee
probe-default-2	zig	1	14	d8d148355137b2a0473319f08f703d365edc20e6c64f885456891be7bfdb7205
probe-default-2	zig	1	15	9ff165174c36c6acaa80f6607ca077eeea49c0c0812d95cdc96f3d635e55a57e
probe-default-2	zig	1	16	a282837c0120d5bc791d3d03785d1ac52ea1f100db52f10048bfa3c4df5d25dd
probe-default-2	zig	1	17	7a69f26b679b5937bc11e6d63f4aa461ed13347036341606e30dd30c2551439e
probe-default-2	zig	1	18	d5748361f234dee965439a5ada379345996869156b2c2637ddde89ba7804b181
probe-default-2	zig	1	19	994a8163eba8b09f8c46af04c31abf80b713c89ec4ebf52f4e9029d255141fa0
probe-default-2	zig	1	20	dfe594e3534d720e8fd5817a82fa832a7cd4b2c7da3f82dd3a4397555c4d776c
probe-default-2	zig	1	21	c8f616d2362e176f0c30ae5cbbdbc5269c3ee3ac9ec8727b558d1fa1812d8c55
probe-default-2	zig	1	22	345b4bc85c23a453bc680572809b3f660807f8b8bf89e81767b9f21b0ae985ab
probe-default-2	zig	1	23	bd32ea3ada0af8a6cddfe3657b6c8f6c34daae62948ec956ab553e7b66632d15
probe-default-2	zig	1	24	0cb560fad19927eef24c755ebd22004a58e7c0512e7c8f5fe73561af71b61877
probe-default-2	zig	1	25	004290d17c85af2a55bb10f0082498bc3b10815cd484ad3efd10de7af7bfd819
probe-default-2	zig	1	26	547f6932997ac6509350c39762ef7efdf3dc92ad7e879f90a7658e47599633bb
probe-default-2	zig	1	27	b64279cd3c4a81cee490371da292b5be392208469cc6bcb9b701d9482efec779
probe-default-2	zig	1	28	bc67b49779031698006ebd3e6a14bdb53a0995284af5614ef3f3ea5a527a68d2
probe-default-2	zig	1	29	ef9062196f7892f58b23d97afe8f6cde4fad8eebcb1711c1602ff15d3b3bb023
probe-default-2	zig	1	30	54e7fb7618f2eca3e67f46a20a0616d6d88a3fe2067ea98c2e7508939f05f21c
probe-default-2	zig	1	31	2d812bf3e51757fe1558de985dec2e99c4f094156345119f399f8d7410b28da5
probe-default-2	zig	1	32	0dbafa341753bc92628d6fcfba03fc09016ca569c2778b6798dc786b4aa85b91
probe-default-2	zig	1	33	4b7b45a9a8562b4cb9d5e6c41a947756f232885479b2a6a38c1b4bd55a9c58de
probe-default-2	zig	1	34	f2c71e9ece3d36a714519823f18d365d6bef158a49b2467bfbec1ca6b28cc680
probe-default-2	zig	1	35	116e5d029e4446926c885d3ecbc90e588392fe23325e9ae1e9bfdd0e22b52ce9
probe-default-2	zig	1	36	5667f786fd66e74f8706cb7efaf9c84801f4dd8759f5538fc03852a3e681c9b3
probe-default-2	zig	1	37	59343560ac8644e101a0e1123d40215958e870c07113a323d65dd495da470866
probe-default-2	zig	1	38	c87bac52207c9dd4ce72910247957e3bf75aba059e0034e1c6f2332781963288
probe-default-2	zig	1	39	b2e2fd58dca7e5c72f35c9a17704eb2123b761db4f2fb79abdab218185e34004
probe-default-2	zig	1	40	0d9a9b46f24376efd3890adf144181525a109be353581f9023129722c3772e34
probe-default-2	zig	1	41	e203ac4e2a621816a15c837b19629e5e0b6b87b22d45bb1f667e8241e96f4df2
probe-default-2	zig	1	42	621c17f4c91ab9c5cb18ae47603eeb967503aad13117b8975e4c7bd5823de0bf
probe-default-2	zig	1	43	bab2373281cd6bfcb61537eeb4575ebfe6c7b551f1a7f4c58d6620538924d9fb
probe-default-2	zig	1	44	3370d0d72adba5d6e6a38f4daf2420e25295c7a7bccde3f3a48fe9029b1f444d
probe-default-2	zig	1	45	cf92564642df5017b661519b9c413e8a0cce9f16d9843c339c4c5d7a35dc5b87
probe-default-2	zig	1	46	04034771b5123eb057577562e8ef0c35330fa9d921600f6d6950d62fda9885e6
probe-default-2	zig	1	47	c5b7d59dc2ffb922fa0c447afedc6f3e1ab4450741dfef49b5dfdf253fe2622c
probe-default-2	zig	3	0	71a7b8401bf004fe94cf719bf1f7559d5529465ffb8ba1ea8a20199b3bd299f6
probe-default-2	zig	3	1	7775ec0be5b24c236396ad54808ac1677614e4e379d691760816656148b8b992
probe-default-2	zig	3	2	97b4c2f6440e1db6cd4aadc7114bd3521d62e75375ebec0cfe09bbffb712f319
probe-default-2	zig	3	3	413e2a232185cde5e6caa52303e618e17cd5bda1bdb50111c9fb4727540c20b3
probe-default-2	zig	3	4	1fc7d44d96b6c88c4c6c85d11315819f42d3f65b6a8be303b4e29d9898d30f52
probe-default-2	zig	3	5	399c6af7524ab785055297cea0e497d261197143d7b1b1c5de63072622063f57
probe-default-2	zig	3	6	f6449c39eccf8c8f181ad4fe07357e95161858c60d796a0e731796f7e768caaf
probe-default-2	zig	3	7	5d430f72b97323a844c76742978f6dd8a5c9f6036b80aea292ccbe70765aa445
probe-default-2	zig	3	8	2a746c9b2ec63bc416bdf198c6ceac2093a360f62710fa1dae89c2223267e4f7
probe-default-2	zig	3	9	f855f65fda924663c5fcabab540061cc7f71dc1e0b5bf29ea38f2b2912821e5d
probe-default-2	zig	3	10	3745124e5bb0329f3f7e7e34476285fff1046a1ee2fb1bc5a1e97ae6a1582e65
probe-default-2	zig	3	11	b8bdd37979569178588910c0f04c19157c06dfd0479e1eead1ccc687c2459f62
probe-default-2	zig	3	12	d84c17e88542c4b6f805e1edb3ee5cce474aae902fc60286f205f0b89310cac0
probe-default-2	zig	3	13	22703fc40bd89c52a37cb2239a72d06a0777fd7cc436787dd83089db1106e00e
probe-default-2	zig	3	14	f9cce8de34f04152182f07e47398515871dbd61dd442c52c0a560d5e28735fdf
probe-default-2	zig	3	15	1b69a77237f2c950576b481663e1bdd9425860f2f0b00c5ae25e198520a92ade
probe-default-2	zig	3	16	5ebfadda4942ce4b8ce4f843e79c46a2c6c3216927fbd2dc04482f29f7f7442f
probe-default-2	zig	3	17	8de8d231cbdd7ce5450b7c2a5c7613c164af43db7850354302826dd23dbb8172
probe-default-2	zig	3	18	80090a12855d26b1c869e3862cedd85bd6315e776e15f0da3c69c402941f7961
probe-default-2	zig	3	19	9d36a1e0d62c50655fea550a3fa44ff9067dc47cb956ec19422a134b908dc8fe
probe-default-2	zig	3	20	cfe5b77b783a5dd39c1499e04b99244d7ebc23e0eae73b4a3bfabdc5f072a813
probe-default-2	zig	3	21	c604b914aad159ba8231d9d5bb9173ace773633bd4acab683238a09303386aad
probe-default-2	zig	3	22	69c96b100fc986922a4f3bf45ddf9e635923fe5eb949b5aaefd76b3e4d9ae053
probe-default-2	zig	3	23	c67a8d7c0bc9b41b091b6e6cdcdddcefe98cab2985c8a19da0eb467228e8dbb4
probe-default-2	zig	3	24	114779ba24dcd70e3e6037fe3703e1a75de60e730395dfba11f41fffd24d9007
probe-default-2	zig	3	25	e4e3215cd9507327567a2a80c8262e50fb136eb1af41b78f0db941a12ad008a7
probe-default-2	zig	3	26	6ad998aa293c1dacd8059c617672da99f9d95de2b8adf7f7ff115ea500ed06ae
probe-default-2	zig	3	27	91d75a13c0d7e509204685500546fb383ebe539b953d3cc7147b35cc214b378d
probe-default-2	zig	3	28	b951a7565fde0505fdc85912a97612146574043525f7dffb0c2875dad84e0820
probe-default-2	zig	3	29	19f4907c5de8b1d52b771e949b6b929e9cf8a80f1b2bdaa0e44728a97347bafd
probe-default-2	zig	3	30	ee959ef7ecef0273e4dc923249fd69b0de1da8a043ffd7825360c9a4dea04bb7
probe-default-2	zig	3	31	749b88b193eaaaf90f25cae8963a79f29b419bae930ff5910cee930eebf6f314
probe-default-2	zig	3	32	3e49760b6d694d4b22101a80248cb62c30b413b8d0fb1dbfdac3547e4125d718
probe-default-2	zig	3	33	eac2579cbe80edd22d3b64d394c033d44632c68135c6ac86c129b3e21e003ff1
probe-default-2	zig	3	34	80ca798249c02ed9624bbb53c14e724eab95198e68d7d2c90ab23e1e797a6273
probe-default-2	zig	3	35	e002d9bd31a5f84b981f64454988d13f2dd0ceda22704345ce81fe267c4bb935
probe-default-2	zig	3	36	df23759a4c21320387ef1a67d4b4ede9b385b92d2f723757f526b3da49cf557f
probe-default-2	zig	3	37	9035ffd5e2ccd945fcaa476bc247242f21a61269babe90826f2b195fa20e3007
probe-default-2	zig	3	38	3e222e758c793c6217749d940642c98b50c29ffb2d3d936592c8b5abd591a6dc
probe-default-2	zig	3	39	859bb794acae494c307ab586a9c5e95b0a3f98c7aab49f50a64fa3cacd73b10b
probe-default-2	zig	3	40	eeb7b8aeefa2bc5d03d635eafedf31046190308e823606681427727ec526de6c
probe-default-2	zig	3	41	648061c7c7737264d7326cecd826fe0b09d249c6a10d22796f91c926b05f2658
probe-default-2	zig	3	42	55554168c2ae8b0d95b070f1948af1823d55a4b12b73cdfe90da762565651bf0
probe-default-2	zig	3	43	2994b96807ca90d8195af2d096bf3ae91f16b9eef7cb5cb95cb2faba7fc0f11e
probe-default-2	zig	3	44	1e4bb3e4d6e7cbdb17c66e1b0c167f466789c3939e0453c8eb06d437a602ff53
probe-default-2	zig	3	45	f0d09a804a9c197aa60af9bb3e1204fd9b83a6d921e31b295b9f47ad6595524e
probe-default-2	zig	3	46	ddfaf29bbc7ca54048da2eabf5688d2f85270ae6a13172ca68356d6bc74f1147
probe-default-2	zig	3	47	ad958471bdb386e963e5ac722528eae05d4341aa8bb8f8511d7633295e8b10dc
probe-default-2	apple-clang	1	0	9f3b613835bbe246654ffcb58573b0d6066198603d9abd1ad5071d7e84e29088
probe-default-2	apple-clang	1	1	9fd97aa7cd34092c8e921a987250a42d2397048341b50dcaf2ce12d279ebc2f7
probe-default-2	apple-clang	1	2	33dba98212b3bfe6818c04b968cb09ebecf851a5decba58f40e0f11e79950b99
probe-default-2	apple-clang	1	3	1d517db2c3c83affff1874cfbcccd666da3064e5b9f6f9276a766b00d82d66f4
probe-default-2	apple-clang	1	4	1bfde96516855fab9ef9c1e031a6c2d85204299eb47c80bd2fa9d4c4f1663db0
probe-default-2	apple-clang	1	5	b1f1c4134f5b4ae0e72813feb5809a27ef645d466738892f0b36c5ab5b9924b8
probe-default-2	apple-clang	1	6	1a3725fb805cbd2f0ed362b06f14265178f7718e3e435b7cc2533cf2ab52652e
probe-default-2	apple-clang	1	7	71e6155df71bc3bf4ad657b8ffb1022c292eb9ef16f5e1fe6a6c066ca5ad0d24
probe-default-2	apple-clang	1	8	2adead00a1d4f8e857b22df5053211dfc5719b55661f39f5e40508161a47dde1
probe-default-2	apple-clang	1	9	4c16104d8de78641ffa03e0bfc452195a97b792ae9f874206cf08c7ec62e7f73
probe-default-2	apple-clang	1	10	31a2098698448cd7ea35a5195a7f4636239e2008711dc70e2396c06275be791b
probe-default-2	apple-clang	1	11	b313861c49b884ea69a7f8d7dec3138f8554b09a2345fbc641bedc2970bf100c
probe-default-2	apple-clang	1	12	2e98c2bb7c2c787c6cdcd2f4f4faf60e951f1d57a5ee19d6d7d9e70f13163df3
probe-default-2	apple-clang	1	13	54ba4a096c20c87c9c641d1e3aaf2dd84375cf88e0d0bf1f9f1f8cca9fe7f6ad
probe-default-2	apple-clang	1	14	2f3fce3f9978de7b775ce88202d4a102891f866d7dc3a614fe87c2bcd8dccb2f
probe-default-2	apple-clang	1	15	2508725c2aff39ca4046346001f6de5d10ad6968295f4f691912cc85851d0a14
probe-default-2	apple-clang	1	16	ec739e0276a791c3f115cd28ac21069247ae36da45311bc793e9cc477685e101
probe-default-2	apple-clang	1	17	3e767b1926c13650fe3067118e59089a36b34fab3898db3476c640a6e903abae
probe-default-2	apple-clang	1	18	9668cfb4a050cfb8cdad382219577c2e7a9e46fbb76e18258f471cde5a04be0f
probe-default-2	apple-clang	1	19	a74ab2d2bde07b629532ed3333d05f2e3568367e394464a476bdb02a0bc83270
probe-default-2	apple-clang	1	20	4692d27d9bcc7b0e5b197a2ecc9b8f89a4fcf9f99c5ecd5991051692dae14c44
probe-default-2	apple-clang	1	21	2da0e58a8c6fa7c9b405224d8311f33b624d8312bb7d7718ab6557fd12a433c5
probe-default-2	apple-clang	1	22	82e6edc69ba14af4f2f8ff2249138459ab318c446fd4b57d0f2ad548a56ca2d6
probe-default-2	apple-clang	1	23	06ba41d74704faab2e912cba8b04d153a470fe50663ff352371b2943627f4c60
probe-default-2	apple-clang	1	24	fe295dbf1e33b9b527265f0b90b72061e5be48d8ac163856e1343549a0c36b83
probe-default-2	apple-clang	1	25	693d2a32506d534edf9ed9144c1c008178cb7172e2a96a5ab42759ef2a081359
probe-default-2	apple-clang	1	26	4be8c8bfcbe203061d262153c8184606e1eb44db2dfa80a16c4fdf6676d8fa1d
probe-default-2	apple-clang	1	27	0b12c562fbc65a0eb41f70a25004ae4bbb37880c058fa04166dd89c6ea02615a
probe-default-2	apple-clang	1	28	f0eab35489e0235953e27c705c8ac787d44bcdb3caeb43155698deaeea0fed29
probe-default-2	apple-clang	1	29	8f0b010003baa6d8ed0dccea50aa574ef258b49c8997c627a93dd13993789d39
probe-default-2	apple-clang	1	30	d2bb96803dc2425e20bef53b7ec9c2d22484ae0fb7082e0ded833b3add5450a2
probe-default-2	apple-clang	1	31	2694b8fa9d530f29923ffba8060093c29ddcfad8d38314265dc8904afcc6f0f2
probe-default-2	apple-clang	1	32	e79258c9ec56e7054c4cc57ea8fc4a53a7306cb7c8f478c4d5c74d5c10ce42ab
probe-default-2	apple-clang	1	33	47ed9b1157a8b39ebab20ff584cbedd6f1debc704a94d038d7d1a868c429b1bf
probe-default-2	apple-clang	1	34	37a1d1b9fbe7db2f70ab36404216c117caae2a300f26f9362b0d88b12a9ebc3d
probe-default-2	apple-clang	1	35	9a028415b9c82aa1151cbb90d6ce6a9bc21790e773ab836402c5ebaf9aadc134
probe-default-2	apple-clang	1	36	be32eadeed972a26a88df3b7aa6d94087f7f3d9bb99b9559010badd46f4e9114
probe-default-2	apple-clang	1	37	9995ec9acf4c49455faccb869fcc0680811c38a4474fb8f5c8ae4c1397dcf33f
probe-default-2	apple-clang	1	38	e25a44f115b0299f479c10bcdb33d0ec9fad148c06f1009d45861c7bad8b5c1a
probe-default-2	apple-clang	1	39	2cb99acf8f39b70612dacc93ecfc9876847e82f57378ac3370cd87c007fdb3f0
probe-default-2	apple-clang	1	40	0e9a30c036f9fb271fb62c10026d2ee16f096262634f20776f4a2222818a56e9
probe-default-2	apple-clang	1	41	875b6afd1477c11df49ea0ae126a02620094963112cc39b246d68bfcddc1698f
probe-default-2	apple-clang	1	42	0061fa8146ab1d99caf78413f0e4ca37b33f95baf87329978eb7c33a5f70f302
probe-default-2	apple-clang	1	43	b0b5272118f3753e7099340cd4e7eeae845d0bde2067876edc1898a63dafc3a7
probe-default-2	apple-clang	1	44	37e80c24c3a0c0094400548afb77d7ac824dfc55115e28797c685127d3c8226d
probe-default-2	apple-clang	1	45	197c943b20ef31b696bb8cf775fc4adc55e2b85bb76e11c37e5a92cc3fbd61a5
probe-default-2	apple-clang	1	46	a8920164301dde1165505b28cb2f0488d504bc329a168ca90c4698e323a2b96b
probe-default-2	apple-clang	1	47	b717d0eac299703e3fbbee69738050bc31e5af142125c7a82057e94c272a0a17
probe-default-2	apple-clang	3	0	2eac697294f9607284d8072f60e573d45d5de909bc0cf313c2733b486561146d
probe-default-2	apple-clang	3	1	90650f129c30962372e82a4635d79f21044f92bd34a2ecd7ed4c002f4c0aa3e0
probe-default-2	apple-clang	3	2	5b0b06a4f3e23e715f5cd4bc46c2806ec2010f02578426b524aaaa4696df6f0e
probe-default-2	apple-clang	3	3	c4d2076d182a9ad9d3ae0496f0f0e923b0156523780053a28416943744490d05
probe-default-2	apple-clang	3	4	2c49ad5612901fa4b6ee310cc340856f595eab8df0cddf6679ab0c1839820d19
probe-default-2	apple-clang	3	5	d5a55d2c5ad60821cdefa825a4dfd9aa06ee63e9dea709738ae0edcc1a5da600
probe-default-2	apple-clang	3	6	59f7382b3af2b90ed8d0f3e865a098b63801758438c2d33f3dc53327d18b5dc9
probe-default-2	apple-clang	3	7	097ab4017027e982935ffab48bb36ed7fbb917e00b152e89ec9323dd81c8b21e
probe-default-2	apple-clang	3	8	2388fde1227f4756098a55380cb43d8af6e494b8df9ce1455f6050da91dd54b0
probe-default-2	apple-clang	3	9	b307567cd9a4f0258c02231cf8c7237e50391fd6c0cbf39eb61be9c21c2500ff
probe-default-2	apple-clang	3	10	5437d87284f5e69c46bc176ae6ae07520f9a2d48f1b78e162335cea4061d5285
probe-default-2	apple-clang	3	11	3f35aa81dd39140d2f039446ac47fe3a695dd9cf19ff99d9122c93784edd876e
probe-default-2	apple-clang	3	12	ccb9061a8f51cd1c52967935cdd0376fa21b684e897312010ca9d2b3bb37ced3
probe-default-2	apple-clang	3	13	78ca26cda1caf7215096a00250e1313ee5eb64ab0dccff5d77cdbc21a6ac5684
probe-default-2	apple-clang	3	14	850f386d2f6603ec2df4b50f7ff1731b97d3f293bdaa1771b98fa1271c419efa
probe-default-2	apple-clang	3	15	0ccfd018508d5867427164143ca052e432fd1138eafd7884e9d99b21a2dd73e2
probe-default-2	apple-clang	3	16	56f3aad9b21fd1e48392e095396a330b5996734da1631a4b40dd4caba5d3591e
probe-default-2	apple-clang	3	17	7dfcf392b0d0e0a3e7022d2f8dbc1f2764aeb80d7f701ccda2a316187fbc6fce
probe-default-2	apple-clang	3	18	8d77577dc140038dc83fa6ce9eefc501ec2c77a01a73844a79af5f527ea526bb
probe-default-2	apple-clang	3	19	7b758874dad39f1dbc06ed732e2c25737a7bddbd537ae7bd9c890fa56df65a0a
probe-default-2	apple-clang	3	20	ea3990b1177aeefe702eb6446150e374a2871ca50670d68d473ca24f5e162743
probe-default-2	apple-clang	3	21	8c3e3aa5d2b7650f903bde73b441d9295271e50b03adb485667ea62ffeff70e1
probe-default-2	apple-clang	3	22	d2f65cf3a183e4ecf4815c50699e298b176abbf3ba1bdb68afb1a13b45e72bbc
probe-default-2	apple-clang	3	23	644fb9abe2ad70695dbfd8f81368c9ca0e6696eb6bd0021a66b9c86e01d840b8
probe-default-2	apple-clang	3	24	53cf3f82de86ec549835836e9938cb70297566763217d26b7f349c4d16c939fc
probe-default-2	apple-clang	3	25	76cd2d8873a20f1492537a67290b86714924822ef6a89bdc063070267b481fbf
probe-default-2	apple-clang	3	26	0ed28fe9645f45cf736a746b35eec3ee1a80b61df1d934d0e2c50aa72593b64a
probe-default-2	apple-clang	3	27	4a1fec0706a0a5007d572986ff9a502051c9af307b79bd311d5dcb4288e2208e
probe-default-2	apple-clang	3	28	a05cd4660fb034d9fee5377bf94c45681ff18e91192f10de9727abee85f190f5
probe-default-2	apple-clang	3	29	5bc5ba9590ce412b3548f647966efa99300ce5a18265a0f7c1cbcd0dbbd13e88
probe-default-2	apple-clang	3	30	25878b97c86cc356e8e24aa81cbc0218203cedd25d461df8d00a69224b2d6191
probe-default-2	apple-clang	3	31	84a4802f719328e7626cac594a7d8971d29cc1c0185c44bd7066562236d55a3f
probe-default-2	apple-clang	3	32	8005ddd817bdbdf18da3e1cb617a8318c682a09dacc857dae4ffe353ba061810
probe-default-2	apple-clang	3	33	9135bd042789ec513e8572fe1b0a25313598e3d1c35c298ab91d46a59dc7965b
probe-default-2	apple-clang	3	34	ebd8228c94d14950d2b1ce548c57b064b310279dbbe2d4d3fcb34e15a0265e39
probe-default-2	apple-clang	3	35	854c78ebb0e439940427251c55fb3413eb1133720f4b5a0bdc6a2e9e528a4642
probe-default-2	apple-clang	3	36	e1d39fb0662b38524624f2dde64da117a7bf92c974f6dc4b77b3fffdda91fd02
probe-default-2	apple-clang	3	37	09a0fb5fb592c81a1c77844a5a44087610e6da3110afb17014db318750fbb7cb
probe-default-2	apple-clang	3	38	efa220877ac840aec4cc58b25de99c30686dcc7386ceb04125a3482d4426101c
probe-default-2	apple-clang	3	39	04e9ebe314a6483339d7ceb0d0569f112f5b1c356cccadbb66fafa368f71028a
probe-default-2	apple-clang	3	40	44e6838163a013d4c0db7f826bfec9e6cad93f64b2f0d88253015a801b52cf71
probe-default-2	apple-clang	3	41	1f540e53ffe3b31d0adf203be3baefba567fc9b92999dadb48be9f0b85f62cd4
probe-default-2	apple-clang	3	42	b9bbf09e164b0fc2344546de8a074e301879248b1403600efc4e5a51ffb94eac
probe-default-2	apple-clang	3	43	3960713b43aad583bf99070978821da53ace5328ee3b013cc958bf93d089b3f4
probe-default-2	apple-clang	3	44	5309a68088fd239c8a1bd7114162da0ced4aeea9dd24f2d45b12de8e0a7182cf
probe-default-2	apple-clang	3	45	1aeb3c9d0b40ea9f205dd9ab81da27ebd38914ae162f5c0a579fe9f4d767aafe
probe-default-2	apple-clang	3	46	ce1a0ae6463679dff54dceda7f85a357b110149b225f3634a6ab441c8733c4cb
probe-default-2	apple-clang	3	47	1824fe90dd1d7b6bed1449a2d8bdd9f81a7e4a9acfb36f0f1e4cc02d94b95a94
probe-devtools-1	zig	1	0	5167530af2a3a40163ec27a7fae49797adc5ed7485854f035c8acb442d47b4db
probe-devtools-1	zig	1	1	a5c17920c4a1ee9af98c994d70ea2df5298ab0d8eb31d6c8e131ee6709a15fa3
probe-devtools-1	zig	1	2	8b700921c7d8ee9ab10ca418dd4fa38b0ca08750147eece230b16250814ee87c
probe-devtools-1	zig	1	3	a360bff9b475b4192757767763f161f1fc767c0560b8ad6f61aeb1dc6e273ec3
probe-devtools-1	zig	1	4	0209e18054f54b32c4a66fb6461c601aee9e651233987bbb2c3134295da0f457
probe-devtools-1	zig	1	5	6e7647cdc684754b1b7cf2d4d4837b0267411ecd65d12a256e34cfe917c82d6c
probe-devtools-1	zig	1	6	b48a957f0e5836db2b6dd8ed1cf847dfd6ec9dfe9cc9723787b0977d2bfe77f4
probe-devtools-1	zig	1	7	918b6d4dcd2c36fd5448f5975fa3edd9ec4e44a7575848277665d66726d301c3
probe-devtools-1	zig	1	8	a6bd6611a6679f7e58f5d2797712dfebd1ad8a90071149340090b25ebaa41950
probe-devtools-1	zig	1	9	2831148657e43ae53e67b7b8617edaf4c740a9b607f10633428bfecd773385ed
probe-devtools-1	zig	1	10	43d77a34df9f1d7a16150bdd862c78e0915d5c6c870d6247908385be940d7d60
probe-devtools-1	zig	1	11	66222ed35cf0de9aa992c7c2ea3fdb4a4803bccdc35dc643cc296383fa8d6a92
probe-devtools-1	zig	1	12	10c15044a489749797c1780d12620d3f00fcc31cb6b23b679f0d2e830b9a01c9
probe-devtools-1	zig	1	13	6d891ec448ad9fda451c2ae0a1b4da86b4070f83a72db41890d9fb5117424351
probe-devtools-1	zig	1	14	961ce5f8b10f1c72dd99f31d0956cfa63939badd33c674401ac53d0260194570
probe-devtools-1	zig	1	15	75ad15c11c38a3d2286d66738ca8a1c2f779bf53b81039798129ddc1e19fcc0b
probe-devtools-1	zig	1	16	c33d61d04ecd6261eca7a701144c6541577dcc6a79cf3cd8af23f25e22465e49
probe-devtools-1	zig	1	17	89d4cdcb1973dbc1922d9f9f142205e8bc33f81147719579dcd0d7171141e1db
probe-devtools-1	zig	1	18	089d23bbdb2e6b5c44e9bb41d0a87f6c89d3f5043a561dfc8600434ff5f259e4
probe-devtools-1	zig	1	19	df6127f8879fa6292d437fec9a2ec09a4db8344e673de8058a0f37b74a3bbeaf
probe-devtools-1	zig	1	20	94e341d34989af1b52ed7e18cb93ae18619ee3894c2f52cc5015b31f8dd353be
probe-devtools-1	zig	1	21	767e0daa4f3fc9e707e7d7c0dc7e3de035b143b25c14d6677b0098dca97c119e
probe-devtools-1	zig	1	22	9c57302f904c0d268eaf16487095980cc6830cc58012953c92477044794f4a58
probe-devtools-1	zig	1	23	731a40252a92ab9b2fd50dfd103a93f393f48ace5f659ad446389583516009e8
probe-devtools-1	zig	1	24	0588498a760c5a1992911db6aa8f18f7f9742a0a4d988ebc791f1a5e3b688a67
probe-devtools-1	zig	1	25	812d539642193137775d7fd696319610318eeb8954ee67d25a859d6aeb7585fc
probe-devtools-1	zig	1	26	8b3b8206c275dae0f9ab5e3e1b9a4724cdd195204ba368c46db16cd97256345e
probe-devtools-1	zig	1	27	d1c62e37966bcdb06af292ef8dff7f7ef3f96136f7f806bc874ba83050573344
probe-devtools-1	zig	1	28	97b124833895860763ce11e199e33333be63952a5f7a14507f79c1ad6b44aadf
probe-devtools-1	zig	1	29	69c5930cc819adb11414d5147f206eea0264378996709b8064dfe39c36017168
probe-devtools-1	zig	1	30	a2f3bcdd996f38c88262a816efb7bd68056b3cf3a006b63b744a3dc70046fa66
probe-devtools-1	zig	1	31	2ecbd88bec81f2e6247ce71211fb6ba3421bb6f3721b71c5b001393dcc7b4716
probe-devtools-1	zig	1	32	00a6f170957d001e7ca556ed0adee12a9bdfd0b0ba8cb12e7ad5e0081cedb727
probe-devtools-1	zig	1	33	40363fa318b2dfeac069b2a5a5cb83f81b850d694f5987df5ef250c6e2be9114
probe-devtools-1	zig	1	34	3014c9e0b861872711b1b324c1ae973b33efe2c8ab666a9c3595fa1cc3c24b89
probe-devtools-1	zig	1	35	356a815791f017d073037a597b275967f3fe280469fd4d609a141b55a4a839be
probe-devtools-1	zig	1	36	2f07f50849d1cf2330960357f5adb5569371ad8ae6d15159066e68cde598bcd2
probe-devtools-1	zig	1	37	6347209c2801f0bd1de282e5d163cc13da31afd2ece63311829a91de7598063f
probe-devtools-1	zig	1	38	76bf523055a1f1041d4172408b91b2f6b8619c62af788051125f443968454560
probe-devtools-1	zig	1	39	0c1c0ab8e295be740fcddd1163387e469188b6ebe49a00920ffb983f5d713026
probe-devtools-1	zig	1	40	540570363d685aa25ed7ec2f224d9f7c6b82ec9be2f6b87f2d9bb7743f989d22
probe-devtools-1	zig	1	41	3b87d016224250df752be95b26a6f396383d7d190d90cb82f857aefacda20616
probe-devtools-1	zig	1	42	cd15c58ff9271b7a03b8150d2e297cb02b71cec0b062a098369bff0bf47a914d
probe-devtools-1	zig	1	43	f7fe1542f81726d972b4ada0955367f7f5750d86b22a977d41be156effca9de4
probe-devtools-1	zig	1	44	2c91800aee89a40a7251c6b999c9f80793e3290a3721b048139214f73abf95fb
probe-devtools-1	zig	1	45	5fb1e5dcb62bb39238bcab3126ea181e7c0e9a76582a06c13046dd246fe3cd28
probe-devtools-1	zig	1	46	4389a79163c0a062f6fb2668d41f1aed79542c19001bdc78ed1a3adac9d3c8e5
probe-devtools-1	zig	1	47	1e3fabb5f9f2e4de16d149ff2377d2c647422bb8231a0aaf66d393b0584d531f
probe-devtools-1	zig	3	0	740a6b4330f15e81a0e25df5d7699ef86c694b02225df5426f9944096e5a73b2
probe-devtools-1	zig	3	1	199a7942a163c2964e354064e804fcf2f8c2085f0b152556a2acdd48f120428e
probe-devtools-1	zig	3	2	6fcf5e2f7a382888beada56b26e78598fbcfe9eb6c8ece8ea07ff4fb97768964
probe-devtools-1	zig	3	3	ef93572e254ee83d952f2145d8e330c3edd78cf36dbf95995723020b1c234738
probe-devtools-1	zig	3	4	a9dc1787a038059f5f0b3549a9c0357d0d61a68dc135e4fb1b61d15e91e30f75
probe-devtools-1	zig	3	5	246d0e1ab4ee374f54c72512eba3a1a7cadf631c15793336d4a91decb7df3826
probe-devtools-1	zig	3	6	f3a861050c53fdf3c90fb81b0314a05522834e5b952d1f1e802dc091015c52b1
probe-devtools-1	zig	3	7	fb3f9f3143151e0834035304da6d51fd243c40dd2079ce2fd23c3de46caace5d
probe-devtools-1	zig	3	8	b83646787c438d81885a9ca8ed45b79652ee6e11a034cde350c46a5df39fb858
probe-devtools-1	zig	3	9	14bd1d7594393ccefce339bb53de0d476254bd2431814869ffa8ba582289bfd9
probe-devtools-1	zig	3	10	9cfc34ab80074b92fd3f30450eeeea907a7575e283067ada0528aa22e9e67c1a
probe-devtools-1	zig	3	11	8c18f3e6c1ee1a1d7b306bb1d7a7a54a8b9ff747a8b59f2cb319937e9e06bb5f
probe-devtools-1	zig	3	12	3bba81830ed2055eeab381269539d6fc7ad53cf77802488ba3b4df4fcde7c713
probe-devtools-1	zig	3	13	95cfb736a2bbdabd0e3dcecd51919986baa3e55a70a53df38e91e85c53767bdd
probe-devtools-1	zig	3	14	800e05e35ef65738ccca431fc8b93bad76684007d6feaeb58cf42ca5ef6a390a
probe-devtools-1	zig	3	15	7baefc4100a9a98114231e9f22a2a3a3e81c75be610d415d33f27416004be08f
probe-devtools-1	zig	3	16	e5e58416be0c49ddf97b5452770ad532b51a3a35a632ed4c52471351f0bb7ba7
probe-devtools-1	zig	3	17	ffdaef833eb951c068c68213fcf14a560f5ff0c69723c5186dd045ea3615c01f
probe-devtools-1	zig	3	18	c49d4a67a2e58a82cbb4fa7cf4ce3e3464ca265ebaf85ef00178fc0b262c2da5
probe-devtools-1	zig	3	19	2408d7bf6f360d75192005c1f378ff46bce08153ad5887d3cf021941f33bbbf4
probe-devtools-1	zig	3	20	c5fa29d15ebf94fa571551ba0f58b617249692f1fdb3a844ebc19f13736531a8
probe-devtools-1	zig	3	21	1605de8e26460b18709aa368f2211d22484b1788070ecd6acecd483c27314d1e
probe-devtools-1	zig	3	22	e1a2d6804389076ce0e9b2717e2c9aacdca901037ea3ef1d8b7eafb6c7d37558
probe-devtools-1	zig	3	23	a8f5eb3594e9556bb77d967f604ea5d5312fa53fa0f1a23491b837e39bbc1f4a
probe-devtools-1	zig	3	24	fbbcac84bf124e95a507a6463a99294d6c4fdb1502e55402b1b830b4f8716fbb
probe-devtools-1	zig	3	25	d261b31cdf2cd234cf218adb093584c90d7bcd17571ae9de7ec763e8538223d6
probe-devtools-1	zig	3	26	d16d31c0c8ec4061c035b2e6e1a1bd875c815d779caeb4de35dafd6d9951a258
probe-devtools-1	zig	3	27	d299c1968932018eb5ce0c2e112b035175b70e157c18df3d073b7d095e5507de
probe-devtools-1	zig	3	28	46df04dd874ad24570b3c0bf708e5f7b208b3b1a244f53195bc223dab2eb1233
probe-devtools-1	zig	3	29	0035ec5c3470198d760ccf4281e65d655eb782169419ea3cf153d46ac5961ca8
probe-devtools-1	zig	3	30	27f8d455fc12736506ed2333a36d4caa2ca55180e979deb4af0cb95175ae9ad2
probe-devtools-1	zig	3	31	1e9cd92e043dc1485bbdc1c68eb050b9e95f850546ce50a35505512392e20b84
probe-devtools-1	zig	3	32	a389ab655cc3cd47f3589f9be2c5a2d150c7011572c307346d0e8509ddb37f09
probe-devtools-1	zig	3	33	a26f32a97f4d37df36eb9733684d9a08bb721e5070fe72db9d0f537fdd9c0108
probe-devtools-1	zig	3	34	0039d0df8d1b8f86e87aefb905a5add4e5eda0f943935315e99dcbddb68c8184
probe-devtools-1	zig	3	35	73aae4e5a7f844a0a616f7a30caf3c4e2bceb495368314314513f48b2b2b255c
probe-devtools-1	zig	3	36	200dcaed4c05e2145ed9832fe7c59c73d646e7d3dee46f6ff10ea2901aaf5e46
probe-devtools-1	zig	3	37	9578b68e88dfb22e2f2ab149656d318dd01705ed1db5af45d06e10af262ed90b
probe-devtools-1	zig	3	38	c77e9ef1f02707b9a76052a4bb1647347003c223cf444ac1fcdad104d0d34fa8
probe-devtools-1	zig	3	39	082275790ebaa63d8b59dc338fe645c0ae1bdd68f37dc9547d06974a2279f2cb
probe-devtools-1	zig	3	40	59a1dbe11917df4b2af4fb057c73caa08a2337fbbf748ead0dec79f037201c29
probe-devtools-1	zig	3	41	3eee80baf7a8c932e9f5f5d94f628fd67d22f9b8c2b218328814289ad9681529
probe-devtools-1	zig	3	42	d35e217e49d43dbdf858836ae24876afb18216da299d6fd59976c616774717e7
probe-devtools-1	zig	3	43	f1963453d1661013c7b31dc0148f2ae1ac9ea364aa1964e0135a8099e782c0a9
probe-devtools-1	zig	3	44	3341d96c489c203d37b34ddabbcabf0fc1921bc717d5254dbee9062a9d6d2d9f
probe-devtools-1	zig	3	45	29468866f7e5b4647238d52e88ba45a49039d471d38986d6112bb8ce9feb3a45
probe-devtools-1	zig	3	46	3355829acc7368214c9c905040a1f6205ef5bafc432f6ba0d8177a087431547d
probe-devtools-1	zig	3	47	1c5092efe51fdd12e38adf7430c29fa2bf616249a88977b440ee4d7b6c5b6a9c
probe-devtools-1	apple-clang	1	0	5101454489fa93e66482b09c1f90a0c3ca44940312ca49d5d9a6cdfc845d334b
probe-devtools-1	apple-clang	1	1	687516487379a9990f599bdedeee39c62f627d945cc4b573927e0a21b4c7f21a
probe-devtools-1	apple-clang	1	2	c408dcd85afe316747ae4ab49ceef02a07c809c640c173b1df62e05a2c79de3b
probe-devtools-1	apple-clang	1	3	2ad1ecc0ce0fc6234c6776ff5849708041484d77c27ad70bd9609f63c46e5001
probe-devtools-1	apple-clang	1	4	2952505fb4352f525066ec96cf88d94e893017d5bcc8a35090d9c89e7b9f494a
probe-devtools-1	apple-clang	1	5	73c35e619ee15857b70eb7bde335798a2812ec30abe8178f60ca102be1758c89
probe-devtools-1	apple-clang	1	6	2a173833540900c055a00803cb466703a465bb25f1a9667a091f4d56afd5f169
probe-devtools-1	apple-clang	1	7	5fe7e09d5de0394a44e290999a4c7b99bb6fb465e66ff55d203ccd8bf8a74c7f
probe-devtools-1	apple-clang	1	8	e7f4cbfc7240922408daecbe2a970de10262b5b8805d6d936ad44e4b212126e7
probe-devtools-1	apple-clang	1	9	62db3f6b733257ef93d0c90e7fec357a622d60bd85a171255e40af7da81251fe
probe-devtools-1	apple-clang	1	10	0e182ef8ab6c87119d5a4caa9f0ae4713b61c376025aa8483de1ba73f1b55164
probe-devtools-1	apple-clang	1	11	33eeda1719204839a572e9cd9e6d1561c30b8f8ef1cae2262be7109e75921c80
probe-devtools-1	apple-clang	1	12	fd0b1ec58ae976cf1076de06f1b56d816132dc6fd70914f75f49e512b7ac0560
probe-devtools-1	apple-clang	1	13	ad447e09fb18c8e09ab50c33850ddde8879ab9bde8693c5a55f2386a14020df4
probe-devtools-1	apple-clang	1	14	0b9a1c4845eab9c7882d0dca01e81f2c43715397eadd6117611275bf0b5c6953
probe-devtools-1	apple-clang	1	15	4283a429cfcf122ca2df2bc5534496d59f6e5afaf9cc7b4e0b008927a4ce14d6
probe-devtools-1	apple-clang	1	16	e74d6e4adb4ea09b3ca80b0b26fc5b1c5cc0ae30074edad9b38b36e1670fba63
probe-devtools-1	apple-clang	1	17	29448ef343c2ee31b48ac71d13823205894857e581d49f425b37450646cc3b80
probe-devtools-1	apple-clang	1	18	37e7cf2912dde169ec307a6fb7ff2f08c7b47a3376c084b66ce3cb6c9b3cb118
probe-devtools-1	apple-clang	1	19	519cebf5bda60c42c40cabe5c491a603b4dfad0ffd902006e470b35b321734a5
probe-devtools-1	apple-clang	1	20	14e3ad3c2fd91ea0ff16f8771e118809ae846d117ce9aca0fe8899f7832ddbfa
probe-devtools-1	apple-clang	1	21	fbec11f960ee3e876a9da6f6a47fcaa02ef1a43d987e2c879bb5b719b32856fe
probe-devtools-1	apple-clang	1	22	6f1a10126509247e5fd27be04fec9fe59a5f9ba14e4e778e4bc6c69bba713ce3
probe-devtools-1	apple-clang	1	23	dbbb1fa4271b8cb4f343d241e251b78381fa524de9410f08c7960b57e328c9b6
probe-devtools-1	apple-clang	1	24	4514245d8e5bd5f0c956fd168e1ec231e9ae020886df23fee1f601933fc36c1f
probe-devtools-1	apple-clang	1	25	d1265127e6e74cd726ca3ce9811cf3afa25534becca9e4c036c6880c5d8cc2d3
probe-devtools-1	apple-clang	1	26	cf7a02f53d056984dff0a5421d537964c30eaa81f5a559f47e3a8ce54619d978
probe-devtools-1	apple-clang	1	27	182e213447077e6d2ef9c7fca1e84eb172893ea7176b8e946b088851f6df2e6f
probe-devtools-1	apple-clang	1	28	013006dc36b5a6024809311c9e3dba2cbcd1edc7b9989c6f848223a51c3b089e
probe-devtools-1	apple-clang	1	29	f3964a3ee2313b33536a489eecacad472f98c69d74c2bca997ee2f9b04546aa3
probe-devtools-1	apple-clang	1	30	0ae6ccf14302fdf716a83d059d2b8925628092e4631d61d0933f304b327d772b
probe-devtools-1	apple-clang	1	31	f4ab607ad5a3685e94ac5bc26f15cd96fb282efe112555ae59e2d0dedee4f57c
probe-devtools-1	apple-clang	1	32	d616335107df5af8a0a9edaaeb78bcec9a85db00ac6286f49b850f38fb78c886
probe-devtools-1	apple-clang	1	33	c984e68648b6a225f2a0feefc4d072450b7a81adf4e81df9bb2ca8657de0a0e0
probe-devtools-1	apple-clang	1	34	dba443dce3096b9fe6fe82c5b7d2c735cf76a01942a59efe1516169dae42250b
probe-devtools-1	apple-clang	1	35	3f3f64ddce03311d658f4438ca47b46f7c5f279d9f96966606048b7364581d0c
probe-devtools-1	apple-clang	1	36	7380f716b0dae966b2183c4c043d464d5eaba5324035ac188c05027e9b72d5ce
probe-devtools-1	apple-clang	1	37	56ffd42930fa205933bb29e69d54bef11770522d0207e6732d7bc9dcbfe89787
probe-devtools-1	apple-clang	1	38	672cc5a21eb506732c5e607bbb445d4fc85a8bacfa5a68267175d2cb7e20d8c8
probe-devtools-1	apple-clang	1	39	cfeb78e1aa041d7b7bc83943e6bb35254a3828ba35f90ff0f08551f65ec5a51b
probe-devtools-1	apple-clang	1	40	a881551a4bce1bf82cbbe5b754e70970204d8df456ae4d7152bf3ae0c8c4293a
probe-devtools-1	apple-clang	1	41	c9606ffb876b2b0347c1c7b77634c300e473431e0d66618b21c82d40ed2490c5
probe-devtools-1	apple-clang	1	42	e865123c26ddac0334dbdd731d2a69c9dd7ac6e0c85f2ad884d890bf47e2aaac
probe-devtools-1	apple-clang	1	43	1592efdd503ebf6a56756843432a20b04c2f194ad1d6075dfbf339feb4f2a9ef
probe-devtools-1	apple-clang	1	44	98fe38e55ae0c61d61f313f4d0da85d989f7c8a0901a7ca71060253b59c3ce6a
probe-devtools-1	apple-clang	1	45	d9b32a8f5c1c842f9508ac9d28f123e8b7e416e3358e6873ac476b4f27f44532
probe-devtools-1	apple-clang	1	46	d87a330e0499b6d5fdd36790d239ea971d8ddefeeecc1bdb07304cdb4dd5185f
probe-devtools-1	apple-clang	1	47	9ee085a42f27e6db4cd4f1b0e6b54dd5d2b5c97d033a5a0e594eac7761059a2d
probe-devtools-1	apple-clang	3	0	14610ce0a776152975163d4c9d8df72c1308c950d58db1e7f05506487e9249f7
probe-devtools-1	apple-clang	3	1	afe7f91828068b0dec867e12064b991cd44423a104d39829c0bc09ebe9236af3
probe-devtools-1	apple-clang	3	2	8acf4271db46e7f82cd46005b143b97037c1f55090828708f5a7b68edce39203
probe-devtools-1	apple-clang	3	3	b08de622cbdbfe1fee54c5b76e104d7e0441b7ba6d73d2d5e6880632f134271e
probe-devtools-1	apple-clang	3	4	ac1e1ee9c4190a8b51d1677e4695580cae6a0eda6704b99ee057b73fd5df6162
probe-devtools-1	apple-clang	3	5	97fd6f126941b940b548c9816cd8ecdee92031850164014b24259c15d7247363
probe-devtools-1	apple-clang	3	6	9739b2771b517fc271282df2e7d257f24d9d7be92dd0dd6a312782d21763d279
probe-devtools-1	apple-clang	3	7	cacf6872546fe16d4969cbf8c7a8faf19e6cab8681c97cc0ad4026f96f2f661d
probe-devtools-1	apple-clang	3	8	e8c8217335e479cd463fe6e0be90d41a256997ea731665bd19b933d11468b780
probe-devtools-1	apple-clang	3	9	f6ad2cafaa0c572bd28e58e3fd2ff2e4daf8b5ac88ee969506e225e1fa7c7484
probe-devtools-1	apple-clang	3	10	f1014994b08c925a8aa13fd5019e42059228b270078cbd2044537c23c0194be4
probe-devtools-1	apple-clang	3	11	65ecac873a945fdc36255d8f13e387f73d2084bfa51af6371a44a468aa195dca
probe-devtools-1	apple-clang	3	12	276bd4769c3f7b7f39c3ab4ddd773c9e5903a4e96e0dd2ea9f6925ba9ccea353
probe-devtools-1	apple-clang	3	13	e6dbb290ecd6aec05b68281feb8d61b8c6db825e330ac21150b1d56ba0cc5ee5
probe-devtools-1	apple-clang	3	14	7c35eded46f1fe38057dbcd756daccf1e0f2a3db8235d6713b5dc48656e82d90
probe-devtools-1	apple-clang	3	15	d181d2affdb5e408ecb0e636930597b6f35d7734e36c5e4a575cf51ff3932cc4
probe-devtools-1	apple-clang	3	16	1e59e3acd11ae7e595fe18b07f1fba1d47dc919a8bb46357dcd0f485fd8676e5
probe-devtools-1	apple-clang	3	17	893f10efdd71d7f7fd1e35eee559be8ed2c530f0a74d489f86e922b6c1fcbedf
probe-devtools-1	apple-clang	3	18	6639d0657f60810dbc9c28939f481d4a9361ee65b01050d47cda291a8f38b650
probe-devtools-1	apple-clang	3	19	25cb79febb6a94e6f665a739386169a53ced04683b07f6d1dc590a6fd98aa83e
probe-devtools-1	apple-clang	3	20	070e5522bce0a6a0437ee3d830a8d55097253324a79405875098c16a2ac024dc
probe-devtools-1	apple-clang	3	21	696266303eadb8066ff0c29c8a8a0aec9c58074c1d066e9ecfc85ec5d677a44e
probe-devtools-1	apple-clang	3	22	64d20b616ae1ac942ed6897e4ded6a050e4aae1b46b5f9782536882057573399
probe-devtools-1	apple-clang	3	23	5805f2c52986725d6f1a8288e7571f00b2386a6567684aab45afd1df39fd2b06
probe-devtools-1	apple-clang	3	24	8380f9e64ad4253f255d33770d70e28ddc2ee24a4f343bb7f2e09c6fd760dd84
probe-devtools-1	apple-clang	3	25	a31bb1d71d59193e08c005f97b221bab4e4f74a55de5fc4ef31eab7e04925b27
probe-devtools-1	apple-clang	3	26	be32b27339c3f37adb4a12814f1bc490ea0bbd432ad21dbceb927013c09237fb
probe-devtools-1	apple-clang	3	27	1707c92ed6ef9bf5dfbc1468d5c17ae8ddb354367aa53706c8fed4f741ceffaf
probe-devtools-1	apple-clang	3	28	a4bf73f4293bf9e56da71e37d29af8e04511dfcff39f7436e76e22c9a6299128
probe-devtools-1	apple-clang	3	29	f18896924c3c0264235f9ccfd8f99c60f6d5c4d327f824b846c6c770fdb55b29
probe-devtools-1	apple-clang	3	30	d8afd58c156794107a21e36321942d9b704911555bbbd1c2c8c32dc1e367eddd
probe-devtools-1	apple-clang	3	31	b46a0aa6eb44ff6e7f6f7d493cbeaa238c062b559b225141e9e1f95decd1b0fe
probe-devtools-1	apple-clang	3	32	99936eba7fb983a8b8e348d6cae3de0ce4020d7a42a8e027c94644ca4af225eb
probe-devtools-1	apple-clang	3	33	98b4d0506fc202c5fb879b3cf71770b5318d8e254791bd131cc5a4f4b5b8f279
probe-devtools-1	apple-clang	3	34	1a13d0243f297bd0fe7faf9211c48e7858407989516425519c4cd4df436fef97
probe-devtools-1	apple-clang	3	35	023d034c93c94160a4ff4973547638d6cde562761539c565d2b91fba95f4e218
probe-devtools-1	apple-clang	3	36	35b417c58c5e1b3afd7a963ddb45f3d759578db317073532002a4f37a1db4685
probe-devtools-1	apple-clang	3	37	3688b85e6b09b0b5df2bc3a9be10254be5a90ece499dcf50e1aee1e0aae8a74d
probe-devtools-1	apple-clang	3	38	fae2b6a6f3f77367e28ef433bbc66927354413a028c1da45049f0e1e8e51459f
probe-devtools-1	apple-clang	3	39	c5e545cc5597ffbae324276108aa914f151c16d2446cb7a7ec36b45784764047
probe-devtools-1	apple-clang	3	40	f865faaa5a075f6fa8c191108b2ae3843d2bfd52277b8e72fcda883b1611784b
probe-devtools-1	apple-clang	3	41	b3ce0275937ca7ad06ad6cc2f42c9f7a1c3787f5b9ebec272fa4e5ff03a1fcc0
probe-devtools-1	apple-clang	3	42	29b3430eb731066c5adb70ead824f29684d218f9c422f19f4a2976bf7d5b46da
probe-devtools-1	apple-clang	3	43	ef9861d048c9d3a919de2ea7b6f15e435bb53b3bffde1587a8cacf656c2d1929
probe-devtools-1	apple-clang	3	44	efeebba87583067d851661b7f99a108dc94ca8c557ab28ccdc24a33c192d5bbf
probe-devtools-1	apple-clang	3	45	dc1f8d71da307d8b113e135dd9921a51e220098ca81859a041694a491aba15e1
probe-devtools-1	apple-clang	3	46	bb99457d6e2ca3f3c48447ad9f76750e01488943d6b6e7039dd6fb7d35533d8f
probe-devtools-1	apple-clang	3	47	ba22a86089937caa1865a4ac9f52f949606b44df3eccbf42226ee07fa45802c0
probe-devtools-2	zig	1	0	d97bd8a747c9abca416c5eac92449b2b256fb107f77d2427fe2c4a8077b6fecf
probe-devtools-2	zig	1	1	c5cae9c2457e155b436bddcd6065c3ce8a31625ee1125966f4d396b566c88219
probe-devtools-2	zig	1	2	3668387859a79fc8bfc90887e49564fb7672e7421081c8b118e520df39b3701b
probe-devtools-2	zig	1	3	ea0e2a497e932514a90159d85979d3e292f69e7a6ad7cb52d6cc14087708f950
probe-devtools-2	zig	1	4	27bc03c626c0be259792a7dc3ebaeee6ecd8d6220177c2ee058d92488a925ed5
probe-devtools-2	zig	1	5	ca8a3c2711bce915a5a5237411e052b79965e744c1fb25ed60942b6afe4cd45d
probe-devtools-2	zig	1	6	409dbbb92abe70b80f3adb1852b6668471887e4da8c860399fcddd5a84cd9ed6
probe-devtools-2	zig	1	7	074cc5374278cda0033616099d8228150ad9ad79791935e0c5adeb795dd60586
probe-devtools-2	zig	1	8	90ce16ecea76b3c891eb5ab63f15d1da89e05daa63b3b65b289d725a6f64165d
probe-devtools-2	zig	1	9	05f922156e6cfcfa1b047b8ce451c2acf5d79956a10a250b02b6cf49fcc7e7e2
probe-devtools-2	zig	1	10	bad7d4856d0012188a841cfd05927fcdc4ec89c89d01a1e471e19009346a4665
probe-devtools-2	zig	1	11	fea526d4dd706e20e1bc9b2280dde94e103bc295be76b276ef9e885ebfaf4cff
probe-devtools-2	zig	1	12	6f59160ed60150aa8eb53c4de902a6554f88934de44a72b1b3b4584ac88e8cf3
probe-devtools-2	zig	1	13	bc72f616d68d0d4276d3f56bcd941ad871e2561b4a99d8f01edb69dac6b51531
probe-devtools-2	zig	1	14	99fbf2ce18b69958f872294e62f7c1adf7ff5c8cd1f49d7f3bc379f6924a34e9
probe-devtools-2	zig	1	15	0c589da5a5b25e32e3934ebbeba8ade21f66a68c78370636571570318ea81cff
probe-devtools-2	zig	1	16	cdb7d112ed8403e1b7ab75a9af42e542f8e644aeb7f5b0dffe23ad16ec3624f8
probe-devtools-2	zig	1	17	86b2b5cf263a3f9d81f0275554adc1426f8a4dedf4ed13219814889189e640eb
probe-devtools-2	zig	1	18	05b690bcaa219c3d9d7283dc168e9f6e7f32fa009044aea71a94bdb656f687ff
probe-devtools-2	zig	1	19	6d32ed87d66c1ace239cd66c05d79b23f2fdf5d53e9947bf8fe5f619a915171b
probe-devtools-2	zig	1	20	8805799b69f501ab351a7e3b5a8893a6d860feed938fb3f1bef40ccb261c9979
probe-devtools-2	zig	1	21	80ce6c0ab197e15c261c3c5d4022e965549bef6d82bc1b6e1559c0863f6c3a99
probe-devtools-2	zig	1	22	ec09834f18044126f43c24af2df3ef9ff046233b38dc8bd970fd5087e90a24d6
probe-devtools-2	zig	1	23	e7a5bec126abf7431f9b684bc24ce11f8441638485816bc3766b682ec1562a52
probe-devtools-2	zig	1	24	e06cdbe8b03557e70c4505c617480cc4f42bda8b7962cea13ff896d42f2862cd
probe-devtools-2	zig	1	25	22c9998ca74e3cf2d722c935768cdf03c961e1d339300b667db9e22ec34c3184
probe-devtools-2	zig	1	26	d71a215bae9211ecaebfb161b14c659fb74c2dfadc2054b3972545e0bb4da0f7
probe-devtools-2	zig	1	27	b7d88968f3ea20a6beea30698b05d5043cbb92b6807dbdbe0dffb005d37bfd7a
probe-devtools-2	zig	1	28	c980ee755916eba3140182541a17e2ec1796c3951c6e953006e46b87a085bfa3
probe-devtools-2	zig	1	29	333c627ee8e79f01e7e705f0e9d2646c8b16da563ab9399e0598e3c51272d711
probe-devtools-2	zig	1	30	fb0c6a06cc319a7173e7ce3c312ca69bb4816b7eb947964138d98bd9ea9734f7
probe-devtools-2	zig	1	31	aa9a9ed170528c2711251240c703d512670d8cf9f009cdd325d6dd1d95ed4a45
probe-devtools-2	zig	1	32	a18d19a615ff5a33780236a1c97eef124d88ff9bbeab63849c86b608b9ffcfb3
probe-devtools-2	zig	1	33	3da7684d0efb72caadc47a3c79910eb5902c2d0fb9e7dcba60803fe2a66ce6c1
probe-devtools-2	zig	1	34	25c95ae70f93594f0e47736ab3f1ec51a9db92c736ec91401bbaab0e1ba82c2f
probe-devtools-2	zig	1	35	8344f94f05d62bb859ef28427f3fd2bef90fbd56e66ef01175091c5e580a0f86
probe-devtools-2	zig	1	36	4bf685565f9f6587b84e409a179cb4f794e5250933e45282e38fb9688e74cedd
probe-devtools-2	zig	1	37	385c02992c7f5fc3eedb2215d025264c76efa228368f9c363a933d6a74890d72
probe-devtools-2	zig	1	38	780559c4ee034afad355ad82ceb3a48c31723bd37e13c7276d9910c1e53dd2a5
probe-devtools-2	zig	1	39	15f0afa1c3be45d46246ffae38cfb590512f63ac6ca4ec537291b9d972ca0e83
probe-devtools-2	zig	1	40	64d394a09b8e9963bd90d66b85af3816344608a5b9905695f5d793a9951ae028
probe-devtools-2	zig	1	41	55658890c2c5f11ca04e2b53e7863ad740c9bff7102f2554281dcb6ac27a944b
probe-devtools-2	zig	1	42	e6fef2c8c382375a1ca6ad00230108056e15694793444c56d1b2868f1811f2b4
probe-devtools-2	zig	1	43	a726e4d8f4f076db7d32d1b5fa2905a94979167710a63de7710db09c27d72954
probe-devtools-2	zig	1	44	55af1525d60f2ee7b0eaf6b0672902a532d86e0af56c0d7cb0a27bb013ea1b57
probe-devtools-2	zig	1	45	dc217a0703cd104e747f0905b85fa598f336fa9d09f1f823a99d992b82b68371
probe-devtools-2	zig	1	46	daa61b074596ad39f94cc94e71defaa8d1292d54a9dfb1ce41d599c3c5786154
probe-devtools-2	zig	1	47	4496e310178924b415685dc1e77d08a9bfb3fb20a3a26e5c9098dc447af7fa60
probe-devtools-2	zig	3	0	9878f09c5f18dcefb8a9010e6bf9fc6c6dc8a2020495141ac25bd998f2d3540a
probe-devtools-2	zig	3	1	f9d1c41ced5ced5b9512e7036c2c721d96b9c4e034d246a0762c3727932e58b9
probe-devtools-2	zig	3	2	060776df0093e24f4acbb09d6c02f23b3f2cf223c0c464e0518bae137d7f56ee
probe-devtools-2	zig	3	3	c33399887b4f2894881ff8e606195d04ae8c0d6da79e3ca4be5f069d3f5f7fae
probe-devtools-2	zig	3	4	f21ea543fc78b232afab993f43e7ec394a887c6243fbab665e464c3a7a8d689d
probe-devtools-2	zig	3	5	6370ec0338f1f38eefe28e907a687e0542d848db2020d95ba58c2e1baf0e25fb
probe-devtools-2	zig	3	6	a396059ef20bfffb735021556eb1416655bcc3113704591a00f187f16ff53862
probe-devtools-2	zig	3	7	fa4e7ff1139caa8c3fc986428689884149b37ff718ba05c2c8a59022163fa9b6
probe-devtools-2	zig	3	8	2bf4b6c8b7452a1c5c735a7ce27f35b17f9e038f900311ef3a147be57c13c41f
probe-devtools-2	zig	3	9	dfee943fb183f9620e33480a09aa47d06cfb26c5d8540aa69cdeada82a1a74aa
probe-devtools-2	zig	3	10	eafbba8f87400dc4264faf2d34b89d12a43e742c0578aff892152c469f483245
probe-devtools-2	zig	3	11	aec3fed96638c4147254c4cde27e30d4c282c40e3d68e75dfa38d7e948a28cb2
probe-devtools-2	zig	3	12	26910c1e4d0b62817384bad9a52615c17ded0a83eea9737b46d1336443c7a2b7
probe-devtools-2	zig	3	13	b988d9779b59017dec170d531a3dc70b61c37ac1d8d389d3fb62a7bd0454e50a
probe-devtools-2	zig	3	14	089c194b2d12351e70c2a9dced2fdebe43c0f5aef28b0970b654190e12d36407
probe-devtools-2	zig	3	15	3d2059bed975c2b71fd8a2d766c0b61f39b4ccfa158ca93e7b892d196ef410ec
probe-devtools-2	zig	3	16	a5e5df3086fa9164dc5f696dc81c6bb8f14acaf2ae4b07db79cf1d94aac19641
probe-devtools-2	zig	3	17	22c63a038a4b2718142f0ffc66e90bd7c4dc527f6b5d26f458ab88ad22bca3c2
probe-devtools-2	zig	3	18	cafd822d79fed7664dfdc9070d3068ead10f71fec5c79c786a6387b53b870135
probe-devtools-2	zig	3	19	9354d9aa42b7dbed52272b186b18d535fc8488773167ac0d3da0f2a01d7bad76
probe-devtools-2	zig	3	20	2d7d8a2c76ad7193b6bcc05a3816c0d76452f328e038efee03294096f73b77e1
probe-devtools-2	zig	3	21	6354d7c5d41ad040d0e72532275c04bb6d958a730c6bff9aea58c9b95cc93a79
probe-devtools-2	zig	3	22	b744bb9d14250544dcb38fca425963faff63f0cdf51b2f14055f5b6206da8f8b
probe-devtools-2	zig	3	23	8ca5e5cfdcf9f03d7dd1947dc15904672b2ee39f97205d36fb7381f9bbca23b8
probe-devtools-2	zig	3	24	ef2ffdbfbd5d87ce91fbb2148037908f596122486b69c3125536a0ad0bdd8f83
probe-devtools-2	zig	3	25	25dcfb9983218bfa55e4ac03a649af3fbcd6df7f89aadc60cc5835334d2c7ce1
probe-devtools-2	zig	3	26	58888a7f94c7b7e982616b8d43424d76a44724daba2df6c10ddc8ff8f2322b82
probe-devtools-2	zig	3	27	3bfa43a1a24e084dd356da8bb6e187ca400ed8e2ed5aa101f3693e97202f54c6
probe-devtools-2	zig	3	28	35d131b080fdfc205eed141b8c8b98ef0b3b4ce2a2ae48f7195b388aed2d65af
probe-devtools-2	zig	3	29	f40d3311dbbbb8b8cbe6f48d11030710938ca8d973017ed26f8515aa85ec7ec0
probe-devtools-2	zig	3	30	d4de6711f207c3a2754b6c4562192b39e69e2c7e54c6daecd6b8625f9a94df4e
probe-devtools-2	zig	3	31	cff6a15d60b3e1dfe16bc8e47ea10ca08bfb8529ee9988de03e5df82d80ba752
probe-devtools-2	zig	3	32	de6164d0a5ff3d15061050b736a478f05a46997b773526641dfb0d281d85699a
probe-devtools-2	zig	3	33	e4db8a0c820755331caf4fb63726800a141eca47f64e3a3c471a3cbc42afaf5c
probe-devtools-2	zig	3	34	be7fee8ba72fcc23619c8727d47517715726d28effa45959f4f96011b6a457a2
probe-devtools-2	zig	3	35	ebce0a2bb3963a588be9117127d5bc2611628a972f7e73c46e05a4bc9fc7d3fc
probe-devtools-2	zig	3	36	ceb66719cf12dfd97103c13dc495a365d9eda095f2379379b0075e7cd2c9b658
probe-devtools-2	zig	3	37	dda316ccc14c9019b87d8ecf305416459e171ed6b120d1bbd8d91fb3c3b125f0
probe-devtools-2	zig	3	38	d0d96ef935db452372fa93df903f7793c1fb4c9a15325486a8f8cdee5e8fe1b6
probe-devtools-2	zig	3	39	f4899206502811fea3632bf9c2c2e9987eda7c6a3c2b3c70199f08abf61f5571
probe-devtools-2	zig	3	40	e0ce5338ed59b4de878b9651e780ac900d955aee9838f709867d57f7149bb619
probe-devtools-2	zig	3	41	7bf22f0daeff03176673bcd7e1999ceb4045c67299c3ab2db16d146e7af227ac
probe-devtools-2	zig	3	42	6feb32f93440f1dd387425fdbf2829c079ec18f0a8cfd160ee1acb191a091f06
probe-devtools-2	zig	3	43	99962f904983225f1964a9b203fa237557261ed842e3592229b108d636f0acfa
probe-devtools-2	zig	3	44	7aa4512aa5a3cc449ab20e56a911e9c9162b54d4dd5c2bebfa49842e7459cf1d
probe-devtools-2	zig	3	45	e222c5b0365b989333ed86d32b8fc28f755ab209dbd620bcfee0d66221446f0f
probe-devtools-2	zig	3	46	146c19ef7fd61c7c7735667a75150dc6198c261125402a07848d2543d38b7a65
probe-devtools-2	zig	3	47	9f7c000e769836aaac5e14792d1a70f11db89e4904e5e85cb17b6e316bb8a539
probe-devtools-2	apple-clang	1	0	005fe4f121abf0dc6e47ef217b48fbdffb19381bda8cc03fe4d57ac8f0669951
probe-devtools-2	apple-clang	1	1	150c6df6c10a364845c8b30453022f902acfd645addd52822b8437609dca3c14
probe-devtools-2	apple-clang	1	2	18795ddc32b82757cfa3e8e83161641c63644bf08258b0e593569a35eeb158c3
probe-devtools-2	apple-clang	1	3	d49be23a0530c05fc8e58295490d4885947222374c11f25ed7fa6ff937a81f64
probe-devtools-2	apple-clang	1	4	da42e699ac5792d860a961290a26aa7aadffc90f17e0197fd5f8b45e8e6b71d9
probe-devtools-2	apple-clang	1	5	1619c86b4cbc44c6cb9500f7bde31ad182e6c199f01447946711adfc8cf0a87f
probe-devtools-2	apple-clang	1	6	24b12adcf99606ff52f7a1ba4eb99d3108db9052da40c23ab37af2056e4986a1
probe-devtools-2	apple-clang	1	7	79021ad0bbd556fc1e5fe043f02e3f1d7967173c56226f971e5564fae4bbe4de
probe-devtools-2	apple-clang	1	8	61d64139b64c789468e9aa4712d53ba2ad2ab56e3aa8c8c3832748c113d17bfa
probe-devtools-2	apple-clang	1	9	8a6c3362284f7237a6af3c002255f8c62c1fc6d3e9d07c03d89b1c4b6fac81d1
probe-devtools-2	apple-clang	1	10	f26c1fa60a28fc873724f06c37d4757de74a3ee02670e6ae6a10f23bd72b86c0
probe-devtools-2	apple-clang	1	11	3adaa1e94f5071c36cfbf369c5a7f2802ab5460347cfa97353a7a79ca950ec53
probe-devtools-2	apple-clang	1	12	bc2169624c2e468808b50eac76f757ef3c91b6c2c3555d183275b28da3e9ee27
probe-devtools-2	apple-clang	1	13	1655070b0a0e3b583c5469e107a0cb039ad9a2ea9a5e382ceab362d89fadc395
probe-devtools-2	apple-clang	1	14	8047b57e3232df162c6825e363ee85fe4ae5be5f0d0d435405ad9dafa3bec4b7
probe-devtools-2	apple-clang	1	15	5dab14581581cec5db3477d05dc5196a02eb5eb7ce409d9d475f5dee72090854
probe-devtools-2	apple-clang	1	16	d85eb63c13e052b58b8da12e82de1a6f833a6a4fbc4c9abf8141b9202bc897bc
probe-devtools-2	apple-clang	1	17	4d9a7172b6bf0fec98360aaa16e2a88a73550427b37dc9995ff89dc997b3d460
probe-devtools-2	apple-clang	1	18	2f9f0f1d3546cd12850b8db5df6540db5a13b575e7d5ae7f6ba4ab550e500cfc
probe-devtools-2	apple-clang	1	19	4acb2191a37915a758bff5ba39cd1fb24d8bf6c41f878a55fdfaa1e2196d7848
probe-devtools-2	apple-clang	1	20	f1fbc2f5a267f370f5ecfd22bd6d6c9f7758d70808a5c2aa424d397b69ab85d5
probe-devtools-2	apple-clang	1	21	1a3a2e8c638c16ac35b9ae98fa559385366763213326ca8517d6a50ff1fe4f0b
probe-devtools-2	apple-clang	1	22	aaef686a91e47289e9dea4d25c15be99dc4cc1ad8c7ba857f2b8326598fc914c
probe-devtools-2	apple-clang	1	23	cdc05e5a8b02e7da2c0101811da2a05f47d170405420f6c6f83d921e6039713e
probe-devtools-2	apple-clang	1	24	a82380e87800313996d3e51c0ec6d4b13e95eff757336ead0da22d6e1252023a
probe-devtools-2	apple-clang	1	25	d296b1cea94cc9414bb733967d3ee5e83e435b233b729a105399f21c3e6ce893
probe-devtools-2	apple-clang	1	26	cb60f1461fd646c97a902a848da7b102006ef072bd189a35349bad08772c3529
probe-devtools-2	apple-clang	1	27	5110034cc55f399ee72563b361778dd7d17fea3c957aa8bf50dcb06761678c07
probe-devtools-2	apple-clang	1	28	b55de02ad7636d8bc45c4200e91f03a81090103ac14d860f464b26e4420f9fa7
probe-devtools-2	apple-clang	1	29	e7e19f052ad68a1d2f03a9e985d206c336ab92ffcf8ad35f48fc58fe393584d1
probe-devtools-2	apple-clang	1	30	2a29c1eba911dd42862fe3c159db638fcb34432225f44e71cc1ca5c8bcfe41fa
probe-devtools-2	apple-clang	1	31	6d94fbc9df564fee5882a60b8a649e6c05096cf5cec3ee40271a28a3bc7c526d
probe-devtools-2	apple-clang	1	32	1bf8022da59e8b61a8ca45244d52dda6e9d1a1f325f0de2ec8b8e055e9e08b54
probe-devtools-2	apple-clang	1	33	d5a5aee65a910693134be90df3a011a534e954fe6ec22ad2eb1aa5876f6cc64f
probe-devtools-2	apple-clang	1	34	d8ed3918deaac045e43e42669d2d5f9a3c3dfc557a6cf62313daf9d1009bd6eb
probe-devtools-2	apple-clang	1	35	6d50bd00c86960b35fa22cf56c163f6746a9f6915dcec4e38ab12df33362a64d
probe-devtools-2	apple-clang	1	36	027c90702bad0c9a869c7cb68e1c569d5c8f40f7dfead8ded1c680dc1a552957
probe-devtools-2	apple-clang	1	37	d9030e8d56a5670ff280cf9d448aacb1803954a82116f5eab0a60626c89e3d10
probe-devtools-2	apple-clang	1	38	0cd5eff125d5562b6e25dff4a9cac0733cd8adb493dcf7fe73ea48b174427204
probe-devtools-2	apple-clang	1	39	4c9cf4b2070ddbb7c50646287c3db3464029ac7125d6cecb9d19d564e1bcbe45
probe-devtools-2	apple-clang	1	40	a800fbe44ac1d65a6d2e20f68231eac9e2707bf2bedba29c80e6decf4fc48808
probe-devtools-2	apple-clang	1	41	97b618b92c1b1d492d89bd3471b92ce96fa182d0e6cfa3557bebe5717214f1f1
probe-devtools-2	apple-clang	1	42	313a1f964ec72c6a61dbc2b7f26ee8d96f3f719ba57ff47614e15225007b4b23
probe-devtools-2	apple-clang	1	43	c9b76e9c0c198581129e5c06d16191b2bd926854b23f96fb750b0b0bd680ab28
probe-devtools-2	apple-clang	1	44	a2fa0bb963000e70816f3315ec9587aa742908fb67f57d635e8d8d8256c3bf2c
probe-devtools-2	apple-clang	1	45	cbf640f5834bab04eb6269cd01ad2795e9bef09e39cd31234b0b3eb0ee730b42
probe-devtools-2	apple-clang	1	46	8188751dfb510461d952e2466ba5df463728238cd622a11360721ab3eaa1547b
probe-devtools-2	apple-clang	1	47	dc4a3d25daf16bec6d635799d37f54decdb53181c4cad7af71d9d8d241c07283
probe-devtools-2	apple-clang	3	0	48ce5c5d9711ffc22518fef619aebde7387e5e6b16900073b0c6717ee8a595cc
probe-devtools-2	apple-clang	3	1	d7370ae92c5f3c63b063897aac30f8a1a04fcd519107d1d5e0414c8b326762ec
probe-devtools-2	apple-clang	3	2	a5bd1e514754a1a42ea2939d3e4f35fe5e764370adc2727e0b825f8c9d64d077
probe-devtools-2	apple-clang	3	3	d7c280705d390e6dc489dd0d5536243621d1995f7e077bd5211aa3ca8ba0ef50
probe-devtools-2	apple-clang	3	4	e0e831b34c3954db124f718efa98a5b291e121d956f30d713dfdac18bf5607a5
probe-devtools-2	apple-clang	3	5	c72c6a2b70db7295e2946ffbd7444dc087ecd3ddb940a535b1f8226c6935f397
probe-devtools-2	apple-clang	3	6	e842743bac8c20f0c1398ca0cfb30f4fb1fb7be63efe0b9a7a77cf2668e706ab
probe-devtools-2	apple-clang	3	7	4902a632e2e8570914cfd0dde2bd63dcead2548bf4fd1ea8c0796dd8a1a5c77b
probe-devtools-2	apple-clang	3	8	02362fc0009bb233ff968481435720bbd7961c7ebb60d67a3f194a8caf4b73c2
probe-devtools-2	apple-clang	3	9	000b32613d645774eda4cbe55cb7c3652bbc7ecd816373f3ddf7af43dfae08e8
probe-devtools-2	apple-clang	3	10	2d1f40110e367074f06f4e6a8f5a22c60a1197b62be6c782cce7a7264422334f
probe-devtools-2	apple-clang	3	11	a0162e766300fe6447175be5b8486270a7ff382526654413ab29697d890e9a8c
probe-devtools-2	apple-clang	3	12	95c31594a3e448ad988bf1691fa0e69a58866efdae81913b6c09782d49c434a2
probe-devtools-2	apple-clang	3	13	2ccb22e1dd55a3f5dc5e8015f8c515da502b2d30ef9b87deffaafd04591d8264
probe-devtools-2	apple-clang	3	14	2a8e068ad8d5245a18add525aaa611f9d54b6c74dbc92e71fc4c75cd93a5da07
probe-devtools-2	apple-clang	3	15	82ee10e0867545f12a1ab03b9fb74ef1d03ab148c8ce3d5f637775d600c62f11
probe-devtools-2	apple-clang	3	16	2c492d866feb4a55cc796d88855ae7fc9cc0cde6919fa2558f3ec3bc3c90cf92
probe-devtools-2	apple-clang	3	17	f4a3f439fd16d18b78d495858503b8988bb7aeb021d67c30bf479f1516ba1c3c
probe-devtools-2	apple-clang	3	18	f9a35d4459ed5fed17637f56abd52867051bda3bea5cbf78887e34c4b71de9ee
probe-devtools-2	apple-clang	3	19	c1cdea726bf815515c2cf5e5aa19b18b4037c29e992d1b57f56554bf46dcf39f
probe-devtools-2	apple-clang	3	20	5f8650ead23586d9848ea9ac6d16400974450eed82c423a399865c25a8ab13da
probe-devtools-2	apple-clang	3	21	3f4c563f1d762f007ffbbd150a37d0c0d6795e51e92f546063849596eee15788
probe-devtools-2	apple-clang	3	22	4a05cc0c73c1fd9dd2a111b49c0f05856898488691eda563d8e19d2281058e85
probe-devtools-2	apple-clang	3	23	1df99059fc39b42712bdb072ac1838e675981e078b32bca42e7364c11afef4db
probe-devtools-2	apple-clang	3	24	e96e478fd7e8df0ce44e7e9e1bb25397ca9c1864a5850db2cdc53d874e6d727f
probe-devtools-2	apple-clang	3	25	5d04d9125b17a0ceb2cfa55fbc114b7ae55848d24a3202603e951aed064ac2ed
probe-devtools-2	apple-clang	3	26	00a33b3ac750b6fcce688a3295d2fabcd98ccdf4fb1aa496258b57a867ec7c51
probe-devtools-2	apple-clang	3	27	c7b2cbe90d34c7cf7f608d6344f42202d06600c0757788f12114639d6fa8207f
probe-devtools-2	apple-clang	3	28	ec41cf69bf909340024893b74d995ca62c4f729405af8515a12acf6a3033fc2b
probe-devtools-2	apple-clang	3	29	b11c7cddf06cac023f992d2392859c04fbd31725f6aaacf5858dcfe293fdb0e2
probe-devtools-2	apple-clang	3	30	0934792e09beac73f642b6e4c011955ab91e43b05763de5c512ef38e7e8cc5b6
probe-devtools-2	apple-clang	3	31	6d3853ba91e3235359b4e2895a0bab173cf8eb9bff44f6c39416fdae35b4d00d
probe-devtools-2	apple-clang	3	32	3a2ffc523af41b02775b4c80e9e9d4471593c0cefa6d7b1bd090d04512c74d35
probe-devtools-2	apple-clang	3	33	ea9009040116658476a16d40f3e3781849ad16e42f1bedc34fde45323296b0b4
probe-devtools-2	apple-clang	3	34	070f510c3109c9e143c56ae9ce0e3790386280f087b672e51c3f248d520b26f4
probe-devtools-2	apple-clang	3	35	cf43ebca3b2f313a5bc3ad1b7c37c909aad560608cc2bb7de7c80b34803507d8
probe-devtools-2	apple-clang	3	36	d350c0d12bfb2991ed776026622c13d29e99c7ff412ac2cc05dd3dd2902ef2b2
probe-devtools-2	apple-clang	3	37	785c1e094364d68ce0ee8bd304aa0a89f6d5e81dcd2984abf6157f1cd6846d49
probe-devtools-2	apple-clang	3	38	d883f5bfe3e0220a3b6ba45ea072d3cec89ba89ada2bd5894c89f5485a68dde7
probe-devtools-2	apple-clang	3	39	4f59d3e9c93b68146760fd46071f0b5667a588311ce48361ddfcb1aff97c2d22
probe-devtools-2	apple-clang	3	40	b1b129fba570a2025c1f60cabdc26f4ccc1e3634b68122e262bebd4bdba0ecee
probe-devtools-2	apple-clang	3	41	5aff3a3381022d2cebae7dd08fea40a4b9b7983d21cbd63f9f37d216ab136180
probe-devtools-2	apple-clang	3	42	d1c4f2f3c2e6bde868c4ebd153f9699369d8092594eaaa9bc9e45eab299d8f80
probe-devtools-2	apple-clang	3	43	d4a7b6539b19b2374ca652974450eba45a86883c7af3f12e328570df381d7677
probe-devtools-2	apple-clang	3	44	7e25b50e9ecbb2c008eabec37c1ced35477c2752c8befa44069e016cc0c6c242
probe-devtools-2	apple-clang	3	45	258d00aa01e713bd09390edac4ce8899ba0ac718e528c2ed75fe35ca8a4c0605
probe-devtools-2	apple-clang	3	46	e0ebb69bb52204c59c904ed4b1633a5a4a5dfdf58a1f0179d628e8ab166bf7f1
probe-devtools-2	apple-clang	3	47	8360d9005baaf7a4416f3147a8d237cb14499e7e92d6127e29209276d350c4f1
