run	slots	start_utc	end_utc	zig_a_growth_mib	zig_b_growth_mib	cumulative_both_gib
cold-a-t262-8	a:t262-8	05:21:28	05:28:48	2231	0	2.2
cold-a-t262-1	a:t262-1	05:29:10	05:35:17	1934	0	4.1
cold-a-ns-1	a:ns-1	05:35:28	05:51:19	3869	0	7.8
cold-a-ok-3	a:ok-3	05:51:41	05:57:30	987	0	8.8
cold-a-nat-3	a:nat-3	05:57:58	06:04:30	975	0	9.8
cold-b-t262-8	b:t262-8	06:04:46	06:12:08	0	2231	11.9
cold-b-t262-1	b:t262-1	06:12:37	06:18:44	0	1934	13.8
cold-b-ns-1	b:ns-1	06:18:54	06:34:48	0	3869	17.6
cold-b-ok-3	b:ok-3	06:35:08	06:40:58	0	987	18.6
cold-b-nat-3	b:nat-3	06:41:25	06:47:57	0	975	19.5
warm-a-t262-8	a:t262-8	06:48:26	06:55:32	1870	0	21.3
warm-a-t262-1	a:t262-1	06:55:46	07:01:53	1876	0	23.2
warm-a-ns-1	a:ns-1	07:02:04	07:17:58	3869	0	27.0
warm-a-ok-3	a:ok-3	07:18:17	07:24:07	987	0	27.9
warm-a-nat-3	a:nat-3	07:24:34	07:30:48	937	0	28.8
warm-b-t262-8	b:t262-8	07:31:23	07:38:31	0	1870	30.7
warm-b-t262-1	b:t262-1	07:38:45	07:44:49	0	1876	32.5
warm-b-ns-1	b:ns-1	07:45:02	08:00:56	0	3869	36.3
warm-b-ok-3	b:ok-3	08:01:15	08:07:05	0	987	37.2
warm-b-nat-3	b:nat-3	08:07:33	08:13:48	0	937	38.2
p-t262-t262-1	a:t262-8 | b:t262-1	08:14:37	08:23:13	1870	1876	41.8
p-t262-ns-1	a:ns-1 | b:t262-8,t262-1	08:23:32	08:43:08	3869	3746	49.2
p-ok-ns-1	a:ns-1 | b:ok-3,nat-3	08:43:23	08:59:46	3869	1924	54.9
p-ok-t262-1	a:ok-3 | b:t262-8	09:00:11	09:08:12	987	1870	57.7
p-t262-t262-2	b:t262-8 | a:t262-1	09:08:33	09:17:05	1876	1870	61.4
p-t262-ns-2	b:ns-1 | a:t262-8,t262-1	09:17:28	09:37:00	3746	3869	68.8
p-ok-ns-2	b:ns-1 | a:ok-3,nat-3	09:37:22	09:53:50	1924	3869	74.4
p-ok-t262-2	b:ok-3 | a:t262-8	09:54:07	10:02:07	1870	987	77.2
p-nat-t262-1	a:nat-3 | b:t262-8	10:03:46	10:12:02	937	1870	80.0
p-ns-ns-1	a:ns-1 | b:ns-1	10:12:40	10:30:33	3869	3869	87.5
p-nat-t262-2	b:nat-3 | a:t262-8	10:31:00	10:39:16	1870	937	90.3
p-ns-ns-2	b:ns-1 | a:ns-1	10:39:53	10:57:41	3869	3869	97.8
# total file bytes 97.8 GiB; inside run windows 97.8 GiB
