utc	run	phase	runner_busy	queued_or_running_runs
2026-10-05T05:21:28Z	cold-a-t262-8	pre	false	0
2026-10-05T05:21:59Z	cold-a-t262-8	during	false	0
2026-10-05T05:22:22Z	cold-a-t262-8	pre	false	0
2026-10-05T05:22:30Z	cold-a-t262-8	during	false	0
2026-10-05T05:22:53Z	cold-a-t262-8	during	false	0
2026-10-05T05:23:01Z	cold-a-t262-8	during	false	0
2026-10-05T05:23:24Z	cold-a-t262-8	during	false	0
2026-10-05T05:23:56Z	cold-a-t262-8	during	false	0
2026-10-05T05:24:27Z	cold-a-t262-8	during	false	0
2026-10-05T05:24:58Z	cold-a-t262-8	during	false	0
2026-10-05T05:25:30Z	cold-a-t262-8	during	false	0
2026-10-05T05:26:01Z	cold-a-t262-8	during	false	0
2026-10-05T05:26:32Z	cold-a-t262-8	during	false	0
2026-10-05T05:27:03Z	cold-a-t262-8	during	false	0
2026-10-05T05:27:35Z	cold-a-t262-8	during	false	0
2026-10-05T05:28:06Z	cold-a-t262-8	during	false	0
2026-10-05T05:28:37Z	cold-a-t262-8	during	false	0
2026-10-05T05:29:08Z	cold-a-t262-8	during	false	0
2026-10-05T05:29:10Z	cold-a-t262-1	pre	false	0
2026-10-05T05:29:41Z	cold-a-t262-1	during	false	0
2026-10-05T05:30:12Z	cold-a-t262-1	during	false	0
2026-10-05T05:30:44Z	cold-a-t262-1	during	false	0
2026-10-05T05:31:15Z	cold-a-t262-1	during	false	0
2026-10-05T05:31:46Z	cold-a-t262-1	during	false	0
2026-10-05T05:32:18Z	cold-a-t262-1	during	false	0
2026-10-05T05:32:49Z	cold-a-t262-1	during	false	0
2026-10-05T05:33:21Z	cold-a-t262-1	during	false	0
2026-10-05T05:33:53Z	cold-a-t262-1	during	false	0
2026-10-05T05:34:24Z	cold-a-t262-1	during	false	0
2026-10-05T05:34:55Z	cold-a-t262-1	during	false	0
2026-10-05T05:35:27Z	cold-a-t262-1	during	false	0
2026-10-05T05:35:28Z	cold-a-ns-1	pre	false	0
2026-10-05T05:35:59Z	cold-a-ns-1	during	false	0
2026-10-05T05:36:31Z	cold-a-ns-1	during	false	0
2026-10-05T05:37:02Z	cold-a-ns-1	during	false	0
2026-10-05T05:37:33Z	cold-a-ns-1	during	false	0
2026-10-05T05:38:05Z	cold-a-ns-1	during	false	0
2026-10-05T05:38:36Z	cold-a-ns-1	during	false	0
2026-10-05T05:39:07Z	cold-a-ns-1	during	false	0
2026-10-05T05:39:39Z	cold-a-ns-1	during	false	0
2026-10-05T05:40:10Z	cold-a-ns-1	during	false	0
2026-10-05T05:40:41Z	cold-a-ns-1	during	false	0
2026-10-05T05:41:13Z	cold-a-ns-1	during	false	0
2026-10-05T05:41:44Z	cold-a-ns-1	during	false	0
2026-10-05T05:42:16Z	cold-a-ns-1	during	false	0
2026-10-05T05:42:47Z	cold-a-ns-1	during	false	0
2026-10-05T05:43:18Z	cold-a-ns-1	during	false	0
2026-10-05T05:43:50Z	cold-a-ns-1	during	false	0
2026-10-05T05:44:21Z	cold-a-ns-1	during	false	0
2026-10-05T05:44:52Z	cold-a-ns-1	during	false	0
2026-10-05T05:45:24Z	cold-a-ns-1	during	false	0
2026-10-05T05:45:55Z	cold-a-ns-1	during	false	0
2026-10-05T05:46:26Z	cold-a-ns-1	during	false	0
2026-10-05T05:46:57Z	cold-a-ns-1	during	false	0
2026-10-05T05:47:29Z	cold-a-ns-1	during	false	0
2026-10-05T05:48:00Z	cold-a-ns-1	during	false	0
2026-10-05T05:48:31Z	cold-a-ns-1	during	false	0
2026-10-05T05:49:03Z	cold-a-ns-1	during	false	0
2026-10-05T05:49:34Z	cold-a-ns-1	during	false	0
2026-10-05T05:50:05Z	cold-a-ns-1	during	false	0
2026-10-05T05:50:37Z	cold-a-ns-1	during	false	0
2026-10-05T05:51:08Z	cold-a-ns-1	during	false	0
2026-10-05T05:51:39Z	cold-a-ns-1	during	false	0
2026-10-05T05:51:40Z	cold-a-ok-3	pre	false	0
2026-10-05T05:52:12Z	cold-a-ok-3	during	false	0
2026-10-05T05:52:43Z	cold-a-ok-3	during	false	0
2026-10-05T05:53:14Z	cold-a-ok-3	during	false	0
2026-10-05T05:53:46Z	cold-a-ok-3	during	false	0
2026-10-05T05:54:17Z	cold-a-ok-3	during	false	0
2026-10-05T05:54:48Z	cold-a-ok-3	during	false	0
2026-10-05T05:55:20Z	cold-a-ok-3	during	false	0
2026-10-05T05:55:51Z	cold-a-ok-3	during	false	0
2026-10-05T05:56:23Z	cold-a-ok-3	during	false	0
2026-10-05T05:56:54Z	cold-a-ok-3	during	false	0
2026-10-05T05:57:25Z	cold-a-ok-3	during	false	0
2026-10-05T05:57:56Z	cold-a-ok-3	during	false	0
2026-10-05T05:57:58Z	cold-a-nat-3	pre	false	0
2026-10-05T05:58:29Z	cold-a-nat-3	during	false	0
2026-10-05T05:59:00Z	cold-a-nat-3	during	false	0
2026-10-05T05:59:31Z	cold-a-nat-3	during	false	0
2026-10-05T06:00:03Z	cold-a-nat-3	during	false	0
2026-10-05T06:00:34Z	cold-a-nat-3	during	false	0
2026-10-05T06:01:05Z	cold-a-nat-3	during	false	0
2026-10-05T06:01:37Z	cold-a-nat-3	during	false	0
2026-10-05T06:02:08Z	cold-a-nat-3	during	false	0
2026-10-05T06:02:39Z	cold-a-nat-3	during	false	0
2026-10-05T06:03:11Z	cold-a-nat-3	during	false	0
2026-10-05T06:03:42Z	cold-a-nat-3	during	false	0
2026-10-05T06:04:13Z	cold-a-nat-3	during	false	0
2026-10-05T06:04:44Z	cold-a-nat-3	during	false	0
2026-10-05T06:04:46Z	cold-b-t262-8	pre	false	0
2026-10-05T06:05:17Z	cold-b-t262-8	during	false	0
2026-10-05T06:05:48Z	cold-b-t262-8	during	false	0
2026-10-05T06:06:20Z	cold-b-t262-8	during	false	0
2026-10-05T06:06:51Z	cold-b-t262-8	during	false	0
2026-10-05T06:07:22Z	cold-b-t262-8	during	false	0
2026-10-05T06:07:54Z	cold-b-t262-8	during	false	0
2026-10-05T06:08:25Z	cold-b-t262-8	during	false	0
2026-10-05T06:08:56Z	cold-b-t262-8	during	false	0
2026-10-05T06:09:27Z	cold-b-t262-8	during	false	0
2026-10-05T06:09:59Z	cold-b-t262-8	during	false	0
2026-10-05T06:10:30Z	cold-b-t262-8	during	false	0
2026-10-05T06:11:01Z	cold-b-t262-8	during	false	0
2026-10-05T06:11:33Z	cold-b-t262-8	during	false	0
2026-10-05T06:12:04Z	cold-b-t262-8	during	false	0
2026-10-05T06:12:35Z	cold-b-t262-8	during	false	0
2026-10-05T06:12:36Z	cold-b-t262-1	pre	false	0
2026-10-05T06:13:08Z	cold-b-t262-1	during	false	0
2026-10-05T06:13:39Z	cold-b-t262-1	during	false	0
2026-10-05T06:14:10Z	cold-b-t262-1	during	false	0
2026-10-05T06:14:42Z	cold-b-t262-1	during	false	0
2026-10-05T06:15:14Z	cold-b-t262-1	during	false	0
2026-10-05T06:15:45Z	cold-b-t262-1	during	false	0
2026-10-05T06:16:16Z	cold-b-t262-1	during	false	0
2026-10-05T06:16:47Z	cold-b-t262-1	during	false	0
2026-10-05T06:17:19Z	cold-b-t262-1	during	false	0
2026-10-05T06:17:50Z	cold-b-t262-1	during	false	0
2026-10-05T06:18:21Z	cold-b-t262-1	during	false	0
2026-10-05T06:18:53Z	cold-b-t262-1	during	false	0
2026-10-05T06:18:54Z	cold-b-ns-1	pre	false	0
2026-10-05T06:19:25Z	cold-b-ns-1	during	false	0
2026-10-05T06:19:57Z	cold-b-ns-1	during	false	0
2026-10-05T06:20:28Z	cold-b-ns-1	during	false	0
2026-10-05T06:20:59Z	cold-b-ns-1	during	false	0
2026-10-05T06:21:31Z	cold-b-ns-1	during	false	0
2026-10-05T06:22:02Z	cold-b-ns-1	during	false	0
2026-10-05T06:22:33Z	cold-b-ns-1	during	false	0
2026-10-05T06:23:05Z	cold-b-ns-1	during	false	0
2026-10-05T06:23:36Z	cold-b-ns-1	during	false	0
2026-10-05T06:24:07Z	cold-b-ns-1	during	false	0
2026-10-05T06:24:38Z	cold-b-ns-1	during	false	0
2026-10-05T06:25:10Z	cold-b-ns-1	during	false	0
2026-10-05T06:25:41Z	cold-b-ns-1	during	false	0
2026-10-05T06:26:13Z	cold-b-ns-1	during	false	0
2026-10-05T06:26:45Z	cold-b-ns-1	during	false	0
2026-10-05T06:27:16Z	cold-b-ns-1	during	false	0
2026-10-05T06:27:47Z	cold-b-ns-1	during	false	0
2026-10-05T06:28:19Z	cold-b-ns-1	during	false	0
2026-10-05T06:28:51Z	cold-b-ns-1	during	false	0
2026-10-05T06:29:22Z	cold-b-ns-1	during	false	0
2026-10-05T06:29:53Z	cold-b-ns-1	during	false	0
2026-10-05T06:30:25Z	cold-b-ns-1	during	false	0
2026-10-05T06:30:56Z	cold-b-ns-1	during	false	0
2026-10-05T06:31:27Z	cold-b-ns-1	during	false	0
2026-10-05T06:31:58Z	cold-b-ns-1	during	false	0
2026-10-05T06:32:30Z	cold-b-ns-1	during	false	0
2026-10-05T06:33:01Z	cold-b-ns-1	during	false	0
2026-10-05T06:33:33Z	cold-b-ns-1	during	false	0
2026-10-05T06:34:04Z	cold-b-ns-1	during	false	0
2026-10-05T06:34:35Z	cold-b-ns-1	during	false	0
2026-10-05T06:35:06Z	cold-b-ns-1	during	false	0
2026-10-05T06:35:08Z	cold-b-ok-3	pre	false	0
2026-10-05T06:35:39Z	cold-b-ok-3	during	false	0
2026-10-05T06:36:10Z	cold-b-ok-3	during	false	0
2026-10-05T06:36:42Z	cold-b-ok-3	during	false	0
2026-10-05T06:37:13Z	cold-b-ok-3	during	false	0
2026-10-05T06:37:44Z	cold-b-ok-3	during	false	0
2026-10-05T06:38:15Z	cold-b-ok-3	during	false	0
2026-10-05T06:38:47Z	cold-b-ok-3	during	false	0
2026-10-05T06:39:18Z	cold-b-ok-3	during	false	0
2026-10-05T06:39:49Z	cold-b-ok-3	during	false	0
2026-10-05T06:40:21Z	cold-b-ok-3	during	false	0
2026-10-05T06:40:52Z	cold-b-ok-3	during	false	0
2026-10-05T06:41:23Z	cold-b-ok-3	during	false	0
2026-10-05T06:41:25Z	cold-b-nat-3	pre	false	0
2026-10-05T06:41:56Z	cold-b-nat-3	during	false	0
2026-10-05T06:42:27Z	cold-b-nat-3	during	false	0
2026-10-05T06:42:59Z	cold-b-nat-3	during	false	0
2026-10-05T06:43:30Z	cold-b-nat-3	during	false	0
2026-10-05T06:44:01Z	cold-b-nat-3	during	false	0
2026-10-05T06:44:32Z	cold-b-nat-3	during	false	0
2026-10-05T06:45:04Z	cold-b-nat-3	during	false	0
2026-10-05T06:45:35Z	cold-b-nat-3	during	false	0
2026-10-05T06:46:07Z	cold-b-nat-3	during	false	0
2026-10-05T06:46:38Z	cold-b-nat-3	during	false	0
2026-10-05T06:47:10Z	cold-b-nat-3	during	false	0
2026-10-05T06:47:41Z	cold-b-nat-3	during	false	0
2026-10-05T06:48:12Z	cold-b-nat-3	during	false	0
2026-10-05T06:48:26Z	warm-a-t262-8	pre	false	0
2026-10-05T06:48:57Z	warm-a-t262-8	during	false	0
2026-10-05T06:49:28Z	warm-a-t262-8	during	false	0
2026-10-05T06:50:00Z	warm-a-t262-8	during	false	0
2026-10-05T06:50:31Z	warm-a-t262-8	during	false	0
2026-10-05T06:51:03Z	warm-a-t262-8	during	false	0
2026-10-05T06:51:34Z	warm-a-t262-8	during	false	0
2026-10-05T06:52:05Z	warm-a-t262-8	during	false	0
2026-10-05T06:52:37Z	warm-a-t262-8	during	false	0
2026-10-05T06:53:08Z	warm-a-t262-8	during	false	0
2026-10-05T06:53:39Z	warm-a-t262-8	during	false	0
2026-10-05T06:54:11Z	warm-a-t262-8	during	false	0
2026-10-05T06:54:42Z	warm-a-t262-8	during	false	0
2026-10-05T06:55:13Z	warm-a-t262-8	during	false	0
2026-10-05T06:55:45Z	warm-a-t262-8	during	false	0
2026-10-05T06:55:46Z	warm-a-t262-1	pre	false	0
2026-10-05T06:56:17Z	warm-a-t262-1	during	false	0
2026-10-05T06:56:49Z	warm-a-t262-1	during	false	0
2026-10-05T06:57:20Z	warm-a-t262-1	during	false	0
2026-10-05T06:57:51Z	warm-a-t262-1	during	false	0
2026-10-05T06:58:23Z	warm-a-t262-1	during	false	0
2026-10-05T06:58:54Z	warm-a-t262-1	during	false	0
2026-10-05T06:59:25Z	warm-a-t262-1	during	false	0
2026-10-05T06:59:57Z	warm-a-t262-1	during	false	0
2026-10-05T07:00:28Z	warm-a-t262-1	during	false	0
2026-10-05T07:01:00Z	warm-a-t262-1	during	false	0
2026-10-05T07:01:31Z	warm-a-t262-1	during	false	0
2026-10-05T07:02:03Z	warm-a-t262-1	during	false	0
2026-10-05T07:02:04Z	warm-a-ns-1	pre	false	0
2026-10-05T07:02:35Z	warm-a-ns-1	during	false	0
2026-10-05T07:03:07Z	warm-a-ns-1	during	false	0
2026-10-05T07:03:38Z	warm-a-ns-1	during	false	0
2026-10-05T07:04:09Z	warm-a-ns-1	during	false	0
2026-10-05T07:04:41Z	warm-a-ns-1	during	false	0
2026-10-05T07:05:12Z	warm-a-ns-1	during	false	0
2026-10-05T07:05:43Z	warm-a-ns-1	during	false	0
2026-10-05T07:06:15Z	warm-a-ns-1	during	false	0
2026-10-05T07:06:46Z	warm-a-ns-1	during	false	0
2026-10-05T07:07:18Z	warm-a-ns-1	during	false	0
2026-10-05T07:07:49Z	warm-a-ns-1	during	false	0
2026-10-05T07:08:20Z	warm-a-ns-1	during	false	0
2026-10-05T07:08:52Z	warm-a-ns-1	during	false	0
2026-10-05T07:09:23Z	warm-a-ns-1	during	false	0
2026-10-05T07:09:54Z	warm-a-ns-1	during	false	0
2026-10-05T07:10:25Z	warm-a-ns-1	during	false	0
2026-10-05T07:10:57Z	warm-a-ns-1	during	false	0
2026-10-05T07:11:28Z	warm-a-ns-1	during	false	0
2026-10-05T07:11:59Z	warm-a-ns-1	during	false	0
2026-10-05T07:12:31Z	warm-a-ns-1	during	false	0
2026-10-05T07:13:02Z	warm-a-ns-1	during	false	0
2026-10-05T07:13:33Z	warm-a-ns-1	during	false	0
2026-10-05T07:14:05Z	warm-a-ns-1	during	false	0
2026-10-05T07:14:36Z	warm-a-ns-1	during	false	0
2026-10-05T07:15:07Z	warm-a-ns-1	during	false	0
2026-10-05T07:15:39Z	warm-a-ns-1	during	false	0
2026-10-05T07:16:10Z	warm-a-ns-1	during	false	0
2026-10-05T07:16:42Z	warm-a-ns-1	during	false	0
2026-10-05T07:17:13Z	warm-a-ns-1	during	false	0
2026-10-05T07:17:44Z	warm-a-ns-1	during	false	0
2026-10-05T07:18:16Z	warm-a-ns-1	during	false	0
2026-10-05T07:18:17Z	warm-a-ok-3	pre	false	0
2026-10-05T07:18:48Z	warm-a-ok-3	during	false	0
2026-10-05T07:19:20Z	warm-a-ok-3	during	false	0
2026-10-05T07:19:51Z	warm-a-ok-3	during	false	0
2026-10-05T07:20:22Z	warm-a-ok-3	during	false	0
2026-10-05T07:20:54Z	warm-a-ok-3	during	false	0
2026-10-05T07:21:25Z	warm-a-ok-3	during	false	0
2026-10-05T07:21:56Z	warm-a-ok-3	during	false	0
2026-10-05T07:22:28Z	warm-a-ok-3	during	false	0
2026-10-05T07:22:59Z	warm-a-ok-3	during	false	0
2026-10-05T07:23:30Z	warm-a-ok-3	during	false	0
2026-10-05T07:24:01Z	warm-a-ok-3	during	false	0
2026-10-05T07:24:33Z	warm-a-ok-3	during	false	0
2026-10-05T07:24:34Z	warm-a-nat-3	pre	false	0
2026-10-05T07:25:06Z	warm-a-nat-3	during	false	0
2026-10-05T07:25:37Z	warm-a-nat-3	during	false	0
2026-10-05T07:26:08Z	warm-a-nat-3	during	false	0
2026-10-05T07:26:39Z	warm-a-nat-3	during	false	0
2026-10-05T07:27:11Z	warm-a-nat-3	during	false	0
2026-10-05T07:27:42Z	warm-a-nat-3	during	false	0
2026-10-05T07:28:13Z	warm-a-nat-3	during	false	0
2026-10-05T07:28:45Z	warm-a-nat-3	during	false	0
2026-10-05T07:29:16Z	warm-a-nat-3	during	false	0
2026-10-05T07:29:48Z	warm-a-nat-3	during	false	0
2026-10-05T07:30:19Z	warm-a-nat-3	during	false	0
2026-10-05T07:30:50Z	warm-a-nat-3	during	false	0
2026-10-05T07:31:22Z	warm-a-nat-3	during	false	0
2026-10-05T07:31:23Z	warm-b-t262-8	pre	false	0
2026-10-05T07:31:55Z	warm-b-t262-8	during	false	0
2026-10-05T07:32:27Z	warm-b-t262-8	during	false	0
2026-10-05T07:32:58Z	warm-b-t262-8	during	false	0
2026-10-05T07:33:29Z	warm-b-t262-8	during	false	0
2026-10-05T07:34:00Z	warm-b-t262-8	during	false	0
2026-10-05T07:34:32Z	warm-b-t262-8	during	false	0
2026-10-05T07:35:03Z	warm-b-t262-8	during	false	0
2026-10-05T07:35:35Z	warm-b-t262-8	during	false	0
2026-10-05T07:36:06Z	warm-b-t262-8	during	false	0
2026-10-05T07:36:37Z	warm-b-t262-8	during	false	0
2026-10-05T07:37:09Z	warm-b-t262-8	during	false	0
2026-10-05T07:37:40Z	warm-b-t262-8	during	false	0
2026-10-05T07:38:12Z	warm-b-t262-8	during	false	0
2026-10-05T07:38:43Z	warm-b-t262-8	during	false	0
2026-10-05T07:38:44Z	warm-b-t262-1	pre	false	0
2026-10-05T07:39:16Z	warm-b-t262-1	during	false	0
2026-10-05T07:39:47Z	warm-b-t262-1	during	false	0
2026-10-05T07:40:19Z	warm-b-t262-1	during	false	0
2026-10-05T07:40:50Z	warm-b-t262-1	during	false	0
2026-10-05T07:41:21Z	warm-b-t262-1	during	false	0
2026-10-05T07:41:52Z	warm-b-t262-1	during	false	0
2026-10-05T07:42:24Z	warm-b-t262-1	during	false	0
2026-10-05T07:42:55Z	warm-b-t262-1	during	false	0
2026-10-05T07:43:26Z	warm-b-t262-1	during	false	0
2026-10-05T07:43:58Z	warm-b-t262-1	during	false	0
2026-10-05T07:44:29Z	warm-b-t262-1	during	false	0
2026-10-05T07:45:00Z	warm-b-t262-1	during	false	0
2026-10-05T07:45:02Z	warm-b-ns-1	pre	false	0
2026-10-05T07:45:33Z	warm-b-ns-1	during	false	0
2026-10-05T07:46:05Z	warm-b-ns-1	during	false	0
2026-10-05T07:46:36Z	warm-b-ns-1	during	false	0
2026-10-05T07:47:07Z	warm-b-ns-1	during	false	0
2026-10-05T07:47:39Z	warm-b-ns-1	during	false	0
2026-10-05T07:48:10Z	warm-b-ns-1	during	false	0
2026-10-05T07:48:41Z	warm-b-ns-1	during	false	0
2026-10-05T07:49:13Z	warm-b-ns-1	during	false	0
2026-10-05T07:49:44Z	warm-b-ns-1	during	false	0
2026-10-05T07:50:15Z	warm-b-ns-1	during	false	0
2026-10-05T07:50:47Z	warm-b-ns-1	during	false	0
2026-10-05T07:51:19Z	warm-b-ns-1	during	false	0
2026-10-05T07:51:50Z	warm-b-ns-1	during	false	0
2026-10-05T07:52:21Z	warm-b-ns-1	during	false	0
2026-10-05T07:52:53Z	warm-b-ns-1	during	false	0
2026-10-05T07:53:24Z	warm-b-ns-1	during	false	0
2026-10-05T07:53:55Z	warm-b-ns-1	during	false	0
2026-10-05T07:54:26Z	warm-b-ns-1	during	false	0
2026-10-05T07:54:58Z	warm-b-ns-1	during	false	0
2026-10-05T07:55:29Z	warm-b-ns-1	during	false	0
2026-10-05T07:56:00Z	warm-b-ns-1	during	false	0
2026-10-05T07:56:32Z	warm-b-ns-1	during	false	0
2026-10-05T07:57:03Z	warm-b-ns-1	during	false	0
2026-10-05T07:57:35Z	warm-b-ns-1	during	false	0
2026-10-05T07:58:06Z	warm-b-ns-1	during	false	0
2026-10-05T07:58:37Z	warm-b-ns-1	during	false	0
2026-10-05T07:59:08Z	warm-b-ns-1	during	false	0
2026-10-05T07:59:40Z	warm-b-ns-1	during	false	0
2026-10-05T08:00:11Z	warm-b-ns-1	during	false	0
2026-10-05T08:00:42Z	warm-b-ns-1	during	false	0
2026-10-05T08:01:14Z	warm-b-ns-1	during	false	0
2026-10-05T08:01:15Z	warm-b-ok-3	pre	false	0
2026-10-05T08:01:46Z	warm-b-ok-3	during	false	0
2026-10-05T08:02:18Z	warm-b-ok-3	during	false	0
2026-10-05T08:02:49Z	warm-b-ok-3	during	false	0
2026-10-05T08:03:21Z	warm-b-ok-3	during	false	0
2026-10-05T08:03:52Z	warm-b-ok-3	during	false	0
2026-10-05T08:04:24Z	warm-b-ok-3	during	false	0
2026-10-05T08:04:55Z	warm-b-ok-3	during	false	0
2026-10-05T08:05:27Z	warm-b-ok-3	during	false	0
2026-10-05T08:05:58Z	warm-b-ok-3	during	false	0
2026-10-05T08:06:29Z	warm-b-ok-3	during	false	0
2026-10-05T08:07:00Z	warm-b-ok-3	during	false	0
2026-10-05T08:07:32Z	warm-b-ok-3	during	false	0
2026-10-05T08:07:33Z	warm-b-nat-3	pre	false	0
2026-10-05T08:08:05Z	warm-b-nat-3	during	false	0
2026-10-05T08:08:36Z	warm-b-nat-3	during	false	0
2026-10-05T08:09:08Z	warm-b-nat-3	during	false	0
2026-10-05T08:09:39Z	warm-b-nat-3	during	false	0
2026-10-05T08:10:10Z	warm-b-nat-3	during	false	0
2026-10-05T08:10:42Z	warm-b-nat-3	during	false	0
2026-10-05T08:11:13Z	warm-b-nat-3	during	false	0
2026-10-05T08:11:44Z	warm-b-nat-3	during	false	0
2026-10-05T08:12:16Z	warm-b-nat-3	during	false	0
2026-10-05T08:12:47Z	warm-b-nat-3	during	false	0
2026-10-05T08:13:18Z	warm-b-nat-3	during	false	0
2026-10-05T08:13:49Z	warm-b-nat-3	during	false	0
2026-10-05T08:14:21Z	warm-b-nat-3	during	false	0
2026-10-05T08:14:37Z	p-t262-t262-1	pre	false	0
2026-10-05T08:15:08Z	p-t262-t262-1	during	false	0
2026-10-05T08:15:39Z	p-t262-t262-1	during	false	0
2026-10-05T08:16:11Z	p-t262-t262-1	during	false	0
2026-10-05T08:16:42Z	p-t262-t262-1	during	false	0
2026-10-05T08:17:14Z	p-t262-t262-1	during	false	0
2026-10-05T08:17:45Z	p-t262-t262-1	during	false	0
2026-10-05T08:18:16Z	p-t262-t262-1	during	false	0
2026-10-05T08:18:48Z	p-t262-t262-1	during	false	0
2026-10-05T08:19:19Z	p-t262-t262-1	during	false	0
2026-10-05T08:19:50Z	p-t262-t262-1	during	false	0
2026-10-05T08:20:22Z	p-t262-t262-1	during	false	0
2026-10-05T08:20:53Z	p-t262-t262-1	during	false	0
2026-10-05T08:21:24Z	p-t262-t262-1	during	false	0
2026-10-05T08:21:56Z	p-t262-t262-1	during	false	0
2026-10-05T08:22:27Z	p-t262-t262-1	during	false	0
2026-10-05T08:22:58Z	p-t262-t262-1	during	false	0
2026-10-05T08:23:30Z	p-t262-t262-1	during	false	0
2026-10-05T08:23:31Z	p-t262-ns-1	pre	false	0
2026-10-05T08:24:03Z	p-t262-ns-1	during	false	0
2026-10-05T08:24:34Z	p-t262-ns-1	during	false	0
2026-10-05T08:25:05Z	p-t262-ns-1	during	false	0
2026-10-05T08:25:37Z	p-t262-ns-1	during	false	0
2026-10-05T08:26:08Z	p-t262-ns-1	during	false	0
2026-10-05T08:26:39Z	p-t262-ns-1	during	false	0
2026-10-05T08:27:11Z	p-t262-ns-1	during	false	0
2026-10-05T08:27:42Z	p-t262-ns-1	during	false	0
2026-10-05T08:28:13Z	p-t262-ns-1	during	false	0
2026-10-05T08:28:45Z	p-t262-ns-1	during	false	0
2026-10-05T08:29:16Z	p-t262-ns-1	during	false	0
2026-10-05T08:29:47Z	p-t262-ns-1	during	false	0
2026-10-05T08:30:19Z	p-t262-ns-1	during	false	0
2026-10-05T08:30:50Z	p-t262-ns-1	during	false	0
2026-10-05T08:31:21Z	p-t262-ns-1	during	false	0
2026-10-05T08:31:53Z	p-t262-ns-1	during	false	0
2026-10-05T08:32:24Z	p-t262-ns-1	during	false	0
2026-10-05T08:32:55Z	p-t262-ns-1	during	false	0
2026-10-05T08:33:26Z	p-t262-ns-1	during	false	0
2026-10-05T08:33:58Z	p-t262-ns-1	during	false	0
2026-10-05T08:34:29Z	p-t262-ns-1	during	false	0
2026-10-05T08:35:00Z	p-t262-ns-1	during	false	0
2026-10-05T08:35:32Z	p-t262-ns-1	during	false	0
2026-10-05T08:36:03Z	p-t262-ns-1	during	false	0
2026-10-05T08:36:35Z	p-t262-ns-1	during	false	0
2026-10-05T08:37:06Z	p-t262-ns-1	during	false	0
2026-10-05T08:37:37Z	p-t262-ns-1	during	false	0
2026-10-05T08:38:08Z	p-t262-ns-1	during	false	0
2026-10-05T08:38:40Z	p-t262-ns-1	during	false	0
2026-10-05T08:39:11Z	p-t262-ns-1	during	false	0
2026-10-05T08:39:42Z	p-t262-ns-1	during	false	0
2026-10-05T08:40:14Z	p-t262-ns-1	during	false	0
2026-10-05T08:40:45Z	p-t262-ns-1	during	false	0
2026-10-05T08:41:16Z	p-t262-ns-1	during	false	0
2026-10-05T08:41:48Z	p-t262-ns-1	during	false	0
2026-10-05T08:42:19Z	p-t262-ns-1	during	false	0
2026-10-05T08:42:50Z	p-t262-ns-1	during	false	0
2026-10-05T08:43:22Z	p-t262-ns-1	during	false	0
2026-10-05T08:43:23Z	p-ok-ns-1	pre	false	0
2026-10-05T08:43:54Z	p-ok-ns-1	during	false	0
2026-10-05T08:44:26Z	p-ok-ns-1	during	false	0
2026-10-05T08:44:57Z	p-ok-ns-1	during	false	0
2026-10-05T08:45:28Z	p-ok-ns-1	during	false	0
2026-10-05T08:46:00Z	p-ok-ns-1	during	false	0
2026-10-05T08:46:31Z	p-ok-ns-1	during	false	0
2026-10-05T08:47:02Z	p-ok-ns-1	during	false	0
2026-10-05T08:47:34Z	p-ok-ns-1	during	false	0
2026-10-05T08:48:05Z	p-ok-ns-1	during	false	0
2026-10-05T08:48:36Z	p-ok-ns-1	during	false	0
2026-10-05T08:49:08Z	p-ok-ns-1	during	false	0
2026-10-05T08:49:40Z	p-ok-ns-1	during	false	0
2026-10-05T08:50:11Z	p-ok-ns-1	during	false	0
2026-10-05T08:50:43Z	p-ok-ns-1	during	false	0
2026-10-05T08:51:14Z	p-ok-ns-1	during	false	0
2026-10-05T08:51:45Z	p-ok-ns-1	during	false	0
2026-10-05T08:52:17Z	p-ok-ns-1	during	false	0
2026-10-05T08:52:48Z	p-ok-ns-1	during	false	0
2026-10-05T08:53:20Z	p-ok-ns-1	during	false	0
2026-10-05T08:53:51Z	p-ok-ns-1	during	false	0
2026-10-05T08:54:23Z	p-ok-ns-1	during	false	0
2026-10-05T08:54:54Z	p-ok-ns-1	during	false	0
2026-10-05T08:55:26Z	p-ok-ns-1	during	false	0
2026-10-05T08:55:57Z	p-ok-ns-1	during	false	0
2026-10-05T08:56:29Z	p-ok-ns-1	during	false	0
2026-10-05T08:57:00Z	p-ok-ns-1	during	false	0
2026-10-05T08:57:31Z	p-ok-ns-1	during	false	0
2026-10-05T08:58:03Z	p-ok-ns-1	during	false	0
2026-10-05T08:58:34Z	p-ok-ns-1	during	false	0
2026-10-05T08:59:05Z	p-ok-ns-1	during	false	0
2026-10-05T08:59:37Z	p-ok-ns-1	during	false	0
2026-10-05T09:00:09Z	p-ok-ns-1	during	false	0
2026-10-05T09:00:10Z	p-ok-t262-1	pre	false	0
2026-10-05T09:00:42Z	p-ok-t262-1	during	false	0
2026-10-05T09:01:13Z	p-ok-t262-1	during	false	0
2026-10-05T09:01:45Z	p-ok-t262-1	during	false	0
2026-10-05T09:02:16Z	p-ok-t262-1	during	false	0
2026-10-05T09:02:47Z	p-ok-t262-1	during	false	0
2026-10-05T09:03:18Z	p-ok-t262-1	during	false	0
2026-10-05T09:03:50Z	p-ok-t262-1	during	false	0
2026-10-05T09:04:21Z	p-ok-t262-1	during	false	0
2026-10-05T09:04:52Z	p-ok-t262-1	during	false	0
2026-10-05T09:05:24Z	p-ok-t262-1	during	false	0
2026-10-05T09:05:55Z	p-ok-t262-1	during	false	0
2026-10-05T09:06:26Z	p-ok-t262-1	during	false	0
2026-10-05T09:06:58Z	p-ok-t262-1	during	false	0
2026-10-05T09:07:29Z	p-ok-t262-1	during	false	0
2026-10-05T09:08:00Z	p-ok-t262-1	during	false	0
2026-10-05T09:08:32Z	p-ok-t262-1	during	false	0
2026-10-05T09:08:33Z	p-t262-t262-2	pre	false	0
2026-10-05T09:09:05Z	p-t262-t262-2	during	false	0
2026-10-05T09:09:36Z	p-t262-t262-2	during	false	0
2026-10-05T09:10:07Z	p-t262-t262-2	during	false	0
2026-10-05T09:10:39Z	p-t262-t262-2	during	false	0
2026-10-05T09:11:10Z	p-t262-t262-2	during	false	0
2026-10-05T09:11:41Z	p-t262-t262-2	during	false	0
2026-10-05T09:12:13Z	p-t262-t262-2	during	false	0
2026-10-05T09:12:44Z	p-t262-t262-2	during	false	0
2026-10-05T09:13:15Z	p-t262-t262-2	during	false	0
2026-10-05T09:13:47Z	p-t262-t262-2	during	false	0
2026-10-05T09:14:18Z	p-t262-t262-2	during	false	0
2026-10-05T09:14:49Z	p-t262-t262-2	during	false	0
2026-10-05T09:15:21Z	p-t262-t262-2	during	false	0
2026-10-05T09:15:52Z	p-t262-t262-2	during	false	0
2026-10-05T09:16:23Z	p-t262-t262-2	during	false	0
2026-10-05T09:16:55Z	p-t262-t262-2	during	false	0
2026-10-05T09:17:26Z	p-t262-t262-2	during	false	0
2026-10-05T09:17:27Z	p-t262-ns-2	pre	false	0
2026-10-05T09:17:59Z	p-t262-ns-2	during	false	0
2026-10-05T09:18:30Z	p-t262-ns-2	during	false	0
2026-10-05T09:19:02Z	p-t262-ns-2	during	false	0
2026-10-05T09:19:33Z	p-t262-ns-2	during	false	0
2026-10-05T09:20:05Z	p-t262-ns-2	during	false	0
2026-10-05T09:20:36Z	p-t262-ns-2	during	false	0
2026-10-05T09:21:08Z	p-t262-ns-2	during	false	0
2026-10-05T09:21:39Z	p-t262-ns-2	during	false	0
2026-10-05T09:22:11Z	p-t262-ns-2	during	false	0
2026-10-05T09:22:42Z	p-t262-ns-2	during	false	0
2026-10-05T09:23:14Z	p-t262-ns-2	during	false	0
2026-10-05T09:23:45Z	p-t262-ns-2	during	false	0
2026-10-05T09:24:17Z	p-t262-ns-2	during	false	0
2026-10-05T09:24:48Z	p-t262-ns-2	during	false	0
2026-10-05T09:25:19Z	p-t262-ns-2	during	false	0
2026-10-05T09:25:51Z	p-t262-ns-2	during	false	0
2026-10-05T09:26:22Z	p-t262-ns-2	during	false	0
2026-10-05T09:26:54Z	p-t262-ns-2	during	false	0
2026-10-05T09:27:25Z	p-t262-ns-2	during	false	0
2026-10-05T09:27:56Z	p-t262-ns-2	during	false	0
2026-10-05T09:28:28Z	p-t262-ns-2	during	false	0
2026-10-05T09:28:59Z	p-t262-ns-2	during	false	0
2026-10-05T09:29:30Z	p-t262-ns-2	during	false	0
2026-10-05T09:30:02Z	p-t262-ns-2	during	false	0
2026-10-05T09:30:33Z	p-t262-ns-2	during	false	0
2026-10-05T09:31:04Z	p-t262-ns-2	during	false	0
2026-10-05T09:31:36Z	p-t262-ns-2	during	false	0
2026-10-05T09:32:07Z	p-t262-ns-2	during	false	0
2026-10-05T09:32:38Z	p-t262-ns-2	during	false	0
2026-10-05T09:33:09Z	p-t262-ns-2	during	false	0
2026-10-05T09:33:41Z	p-t262-ns-2	during	false	0
2026-10-05T09:34:13Z	p-t262-ns-2	during	false	0
2026-10-05T09:34:44Z	p-t262-ns-2	during	false	0
2026-10-05T09:35:15Z	p-t262-ns-2	during	false	0
2026-10-05T09:35:47Z	p-t262-ns-2	during	false	0
2026-10-05T09:36:18Z	p-t262-ns-2	during	false	0
2026-10-05T09:36:49Z	p-t262-ns-2	during	false	0
2026-10-05T09:37:21Z	p-t262-ns-2	during	false	0
2026-10-05T09:37:22Z	p-ok-ns-2	pre	false	0
2026-10-05T09:37:53Z	p-ok-ns-2	during	false	0
2026-10-05T09:38:25Z	p-ok-ns-2	during	false	0
2026-10-05T09:38:56Z	p-ok-ns-2	during	false	0
2026-10-05T09:39:27Z	p-ok-ns-2	during	false	0
2026-10-05T09:39:59Z	p-ok-ns-2	during	false	0
2026-10-05T09:40:30Z	p-ok-ns-2	during	false	0
2026-10-05T09:41:01Z	p-ok-ns-2	during	false	0
2026-10-05T09:41:33Z	p-ok-ns-2	during	false	0
2026-10-05T09:42:04Z	p-ok-ns-2	during	false	0
2026-10-05T09:42:35Z	p-ok-ns-2	during	false	0
2026-10-05T09:43:07Z	p-ok-ns-2	during	false	0
2026-10-05T09:43:38Z	p-ok-ns-2	during	false	0
2026-10-05T09:44:09Z	p-ok-ns-2	during	false	0
2026-10-05T09:44:41Z	p-ok-ns-2	during	false	0
2026-10-05T09:45:12Z	p-ok-ns-2	during	false	0
2026-10-05T09:45:43Z	p-ok-ns-2	during	false	0
2026-10-05T09:46:15Z	p-ok-ns-2	during	false	0
2026-10-05T09:46:46Z	p-ok-ns-2	during	false	0
2026-10-05T09:47:17Z	p-ok-ns-2	during	false	0
2026-10-05T09:47:49Z	p-ok-ns-2	during	false	0
2026-10-05T09:48:20Z	p-ok-ns-2	during	false	0
2026-10-05T09:48:51Z	p-ok-ns-2	during	false	0
2026-10-05T09:49:23Z	p-ok-ns-2	during	false	0
2026-10-05T09:49:54Z	p-ok-ns-2	during	false	0
2026-10-05T09:50:25Z	p-ok-ns-2	during	false	0
2026-10-05T09:50:57Z	p-ok-ns-2	during	false	0
2026-10-05T09:51:29Z	p-ok-ns-2	during	false	0
2026-10-05T09:52:00Z	p-ok-ns-2	during	false	0
2026-10-05T09:52:32Z	p-ok-ns-2	during	false	0
2026-10-05T09:53:03Z	p-ok-ns-2	during	false	0
2026-10-05T09:53:34Z	p-ok-ns-2	during	false	0
2026-10-05T09:54:05Z	p-ok-ns-2	during	false	0
2026-10-05T09:54:07Z	p-ok-t262-2	pre	false	0
2026-10-05T09:54:38Z	p-ok-t262-2	during	false	0
2026-10-05T09:55:10Z	p-ok-t262-2	during	false	0
2026-10-05T09:55:41Z	p-ok-t262-2	during	false	0
2026-10-05T09:56:13Z	p-ok-t262-2	during	false	0
2026-10-05T09:56:44Z	p-ok-t262-2	during	false	0
2026-10-05T09:57:15Z	p-ok-t262-2	during	false	0
2026-10-05T09:57:47Z	p-ok-t262-2	during	false	0
2026-10-05T09:58:18Z	p-ok-t262-2	during	false	0
2026-10-05T09:58:50Z	p-ok-t262-2	during	false	0
2026-10-05T09:59:21Z	p-ok-t262-2	during	false	0
2026-10-05T09:59:52Z	p-ok-t262-2	during	false	0
2026-10-05T10:00:24Z	p-ok-t262-2	during	false	0
2026-10-05T10:00:55Z	p-ok-t262-2	during	false	0
2026-10-05T10:01:26Z	p-ok-t262-2	during	false	0
2026-10-05T10:01:58Z	p-ok-t262-2	during	false	0
2026-10-05T10:02:29Z	p-ok-t262-2	during	false	0
2026-10-05T10:03:45Z	p-nat-t262-1	pre	false	0
2026-10-05T10:04:17Z	p-nat-t262-1	during	false	0
2026-10-05T10:04:48Z	p-nat-t262-1	during	false	0
2026-10-05T10:05:19Z	p-nat-t262-1	during	false	0
2026-10-05T10:05:51Z	p-nat-t262-1	during	false	0
2026-10-05T10:06:23Z	p-nat-t262-1	during	false	0
2026-10-05T10:06:54Z	p-nat-t262-1	during	false	0
2026-10-05T10:07:26Z	p-nat-t262-1	during	false	0
2026-10-05T10:07:57Z	p-nat-t262-1	during	false	0
2026-10-05T10:08:28Z	p-nat-t262-1	during	false	0
2026-10-05T10:08:59Z	p-nat-t262-1	during	false	0
2026-10-05T10:09:31Z	p-nat-t262-1	during	false	0
2026-10-05T10:10:02Z	p-nat-t262-1	during	false	0
2026-10-05T10:10:33Z	p-nat-t262-1	during	false	0
2026-10-05T10:11:04Z	p-nat-t262-1	during	false	0
2026-10-05T10:11:36Z	p-nat-t262-1	during	false	0
2026-10-05T10:12:08Z	p-nat-t262-1	during	false	0
2026-10-05T10:12:39Z	p-nat-t262-1	during	false	0
2026-10-05T10:12:40Z	p-ns-ns-1	pre	false	0
2026-10-05T10:13:12Z	p-ns-ns-1	during	false	0
2026-10-05T10:13:44Z	p-ns-ns-1	during	false	0
2026-10-05T10:14:15Z	p-ns-ns-1	during	false	0
2026-10-05T10:14:46Z	p-ns-ns-1	during	false	0
2026-10-05T10:15:18Z	p-ns-ns-1	during	false	0
2026-10-05T10:15:49Z	p-ns-ns-1	during	false	0
2026-10-05T10:16:20Z	p-ns-ns-1	during	false	0
2026-10-05T10:16:51Z	p-ns-ns-1	during	false	0
2026-10-05T10:17:23Z	p-ns-ns-1	during	false	0
2026-10-05T10:17:54Z	p-ns-ns-1	during	false	0
2026-10-05T10:18:26Z	p-ns-ns-1	during	false	0
2026-10-05T10:18:57Z	p-ns-ns-1	during	false	0
2026-10-05T10:19:29Z	p-ns-ns-1	during	false	0
2026-10-05T10:20:00Z	p-ns-ns-1	during	false	0
2026-10-05T10:20:31Z	p-ns-ns-1	during	false	0
2026-10-05T10:21:03Z	p-ns-ns-1	during	false	0
2026-10-05T10:21:34Z	p-ns-ns-1	during	false	0
2026-10-05T10:22:06Z	p-ns-ns-1	during	false	0
2026-10-05T10:22:37Z	p-ns-ns-1	during	false	0
2026-10-05T10:23:08Z	p-ns-ns-1	during	false	0
2026-10-05T10:23:40Z	p-ns-ns-1	during	false	0
2026-10-05T10:24:11Z	p-ns-ns-1	during	false	0
2026-10-05T10:24:42Z	p-ns-ns-1	during	false	0
2026-10-05T10:25:14Z	p-ns-ns-1	during	false	0
2026-10-05T10:25:45Z	p-ns-ns-1	during	false	0
2026-10-05T10:26:17Z	p-ns-ns-1	during	false	0
2026-10-05T10:26:48Z	p-ns-ns-1	during	false	0
2026-10-05T10:27:19Z	p-ns-ns-1	during	false	0
2026-10-05T10:27:50Z	p-ns-ns-1	during	false	0
2026-10-05T10:28:22Z	p-ns-ns-1	during	false	0
2026-10-05T10:28:53Z	p-ns-ns-1	during	false	0
2026-10-05T10:29:24Z	p-ns-ns-1	during	false	0
2026-10-05T10:29:56Z	p-ns-ns-1	during	false	0
2026-10-05T10:30:27Z	p-ns-ns-1	during	false	0
2026-10-05T10:30:58Z	p-ns-ns-1	during	false	0
2026-10-05T10:30:59Z	p-nat-t262-2	pre	false	0
2026-10-05T10:31:31Z	p-nat-t262-2	during	false	0
2026-10-05T10:32:02Z	p-nat-t262-2	during	false	0
2026-10-05T10:32:33Z	p-nat-t262-2	during	false	0
2026-10-05T10:33:05Z	p-nat-t262-2	during	false	0
2026-10-05T10:33:36Z	p-nat-t262-2	during	false	0
2026-10-05T10:34:07Z	p-nat-t262-2	during	false	0
2026-10-05T10:34:39Z	p-nat-t262-2	during	false	0
2026-10-05T10:35:10Z	p-nat-t262-2	during	false	0
2026-10-05T10:35:41Z	p-nat-t262-2	during	false	0
2026-10-05T10:36:13Z	p-nat-t262-2	during	false	0
2026-10-05T10:36:44Z	p-nat-t262-2	during	false	0
2026-10-05T10:37:15Z	p-nat-t262-2	during	false	0
2026-10-05T10:37:47Z	p-nat-t262-2	during	false	0
2026-10-05T10:38:18Z	p-nat-t262-2	during	false	0
2026-10-05T10:38:49Z	p-nat-t262-2	during	false	0
2026-10-05T10:39:20Z	p-nat-t262-2	during	false	0
2026-10-05T10:39:52Z	p-nat-t262-2	during	false	0
2026-10-05T10:39:53Z	p-ns-ns-2	pre	false	0
2026-10-05T10:40:25Z	p-ns-ns-2	during	false	0
2026-10-05T10:40:56Z	p-ns-ns-2	during	false	0
2026-10-05T10:41:27Z	p-ns-ns-2	during	false	0
2026-10-05T10:41:58Z	p-ns-ns-2	during	false	0
2026-10-05T10:42:30Z	p-ns-ns-2	during	false	0
2026-10-05T10:43:02Z	p-ns-ns-2	during	false	0
2026-10-05T10:43:33Z	p-ns-ns-2	during	false	0
2026-10-05T10:44:04Z	p-ns-ns-2	during	false	0
2026-10-05T10:44:36Z	p-ns-ns-2	during	false	0
2026-10-05T10:45:07Z	p-ns-ns-2	during	false	0
2026-10-05T10:45:39Z	p-ns-ns-2	during	false	0
2026-10-05T10:46:12Z	p-ns-ns-2	during	false	0
2026-10-05T10:46:46Z	p-ns-ns-2	during	false	0
2026-10-05T10:47:18Z	p-ns-ns-2	during	false	0
2026-10-05T10:47:49Z	p-ns-ns-2	during	false	0
2026-10-05T10:48:20Z	p-ns-ns-2	during	false	0
2026-10-05T10:48:52Z	p-ns-ns-2	during	false	0
2026-10-05T10:49:23Z	p-ns-ns-2	during	false	0
2026-10-05T10:49:54Z	p-ns-ns-2	during	false	0
2026-10-05T10:50:26Z	p-ns-ns-2	during	false	0
2026-10-05T10:50:57Z	p-ns-ns-2	during	false	0
2026-10-05T10:51:29Z	p-ns-ns-2	during	false	0
2026-10-05T10:52:00Z	p-ns-ns-2	during	false	0
2026-10-05T10:52:32Z	p-ns-ns-2	during	false	0
2026-10-05T10:53:03Z	p-ns-ns-2	during	false	0
2026-10-05T10:53:34Z	p-ns-ns-2	during	false	0
2026-10-05T10:54:06Z	p-ns-ns-2	during	false	0
2026-10-05T10:54:37Z	p-ns-ns-2	during	false	0
2026-10-05T10:55:08Z	p-ns-ns-2	during	false	0
2026-10-05T10:55:40Z	p-ns-ns-2	during	false	0
2026-10-05T10:56:11Z	p-ns-ns-2	during	false	0
2026-10-05T10:56:43Z	p-ns-ns-2	during	false	0
2026-10-05T10:57:14Z	p-ns-ns-2	during	false	0
2026-10-05T10:57:46Z	p-ns-ns-2	during	false	0
2026-10-05T10:58:17Z	p-ns-ns-2	during	false	0
