pair	job	step_exits	fail_flag	ownkey_duration_s_per_limit	wall_s	warm_solo_mean_s	slowdown	overlap_s	overlap_fraction	overlapped_factor
p-nat-t262-1	nat-3-a	0/0/0	0		496.4	373.9	1.328	426.0	0.86	1.404
p-nat-t262-1	t262-8-b	0/0/0	0		426.0	427.0	0.998	426.0	1.00	0.998
p-nat-t262-2	nat-3-b	0/0/0	0		495.8	373.9	1.326	428.1	0.86	1.398
p-nat-t262-2	t262-8-a	0/0/0	0		428.1	427.0	1.003	428.1	1.00	1.003
p-ns-ns-1	ns-1-a	0/0/0/0	0		1072.4	954.0	1.124	1072.4	1.00	1.124
p-ns-ns-1	ns-1-b	0/0/0/0	0		1072.4	954.0	1.124	1072.4	1.00	1.124
p-ns-ns-2	ns-1-b	0/0/0/0	0		1067.6	954.0	1.119	1067.3	1.00	1.119
p-ns-ns-2	ns-1-a	0/0/0/0	0		1067.3	954.0	1.119	1067.3	1.00	1.119
p-ok-ns-1	ns-1-a	0/0/0/0	0		982.5	954.0	1.030	829.2	0.84	1.036
p-ok-ns-1	ok-3-b	0/0/0	0	441.0/3600	442.6	349.5	1.266	442.6	1.00	1.266
p-ok-ns-1	nat-3-b	0/0/0	0		386.6	373.9	1.034	386.6	1.00	1.034
p-ok-ns-2	ns-1-b	0/0/0/0	0		987.7	954.0	1.035	828.0	0.84	1.042
p-ok-ns-2	ok-3-a	0/0/0	0	439.9/3600	441.5	349.5	1.263	441.5	1.00	1.263
p-ok-ns-2	nat-3-a	0/0/0	0		386.4	373.9	1.033	386.4	1.00	1.033
p-ok-t262-1	ok-3-a	0/0/0	0	479.7/3600	481.2	349.5	1.377	425.8	0.88	1.448
p-ok-t262-1	t262-8-b	0/0/0	0		425.8	427.0	0.997	425.8	1.00	0.997
p-ok-t262-2	ok-3-b	0/0/0	0	478.7/3600	480.2	349.5	1.374	427.5	0.89	1.441
p-ok-t262-2	t262-8-a	0/0/0	0		427.5	427.0	1.001	427.5	1.00	1.001
p-t262-ns-1	ns-1-a	0/0/0/0	0		1175.9	954.0	1.233	826.1	0.70	1.367
p-t262-ns-1	t262-8-b	0/0/0	0		457.9	427.0	1.072	457.9	1.00	1.072
p-t262-ns-1	t262-1-b	0/0/0	0		368.2	365.8	1.007	368.2	1.00	1.007
p-t262-ns-2	ns-1-b	0/0/0/0	0		1172.4	954.0	1.229	824.6	0.70	1.360
p-t262-ns-2	t262-8-a	0/0/0	0		458.2	427.0	1.073	458.2	1.00	1.073
p-t262-ns-2	t262-1-a	0/0/0	0		366.4	365.8	1.002	366.4	1.00	1.002
p-t262-t262-1	t262-8-a	0/0/0	0		516.0	427.0	1.209	437.2	0.85	1.256
p-t262-t262-1	t262-1-b	0/0/0	0		437.2	365.8	1.195	437.2	1.00	1.195
p-t262-t262-2	t262-8-b	0/0/0	0		511.8	427.0	1.199	436.5	0.85	1.241
p-t262-t262-2	t262-1-a	0/0/0	0		436.5	365.8	1.193	436.5	1.00	1.193
