pair	slots	elapsed_s	sum_warm_solo_s	throughput_factor
p-nat-t262-1	a:nat-3 | b:t262-8	496.5	800.9	1.613
p-nat-t262-2	b:nat-3 | a:t262-8	495.9	800.9	1.615
p-ns-ns-1	a:ns-1 | b:ns-1	1072.4	1908.0	1.779
p-ns-ns-2	b:ns-1 | a:ns-1	1067.7	1908.0	1.787
p-ok-ns-1	a:ns-1 | b:ok-3,nat-3	982.5	1677.4	1.707
p-ok-ns-2	b:ns-1 | a:ok-3,nat-3	987.7	1677.4	1.698
p-ok-t262-1	a:ok-3 | b:t262-8	481.2	776.4	1.613
p-ok-t262-2	b:ok-3 | a:t262-8	480.2	776.4	1.617
p-t262-ns-1	a:ns-1 | b:t262-8,t262-1	1176.0	1746.7	1.485
p-t262-ns-2	b:ns-1 | a:t262-8,t262-1	1172.4	1746.7	1.490
p-t262-t262-1	a:t262-8 | b:t262-1	516.1	792.7	1.536
p-t262-t262-2	b:t262-8 | a:t262-1	511.8	792.7	1.549
