run	slots	elapsed_s	samples	min_mem_level	max_pressure_level	swap_start_mib	swap_max_mib	pageouts	swapouts	swapins	compressions	decompressions	max_compressor_mib	min_free_mib	peak_job_rss_sum_mib	max_load1
cold-a-nat-3	a:nat-3	391.8	196	74	1	57.31	57.31	0	0	0	0	1627	1777	129	1825	3.6
cold-a-ns-1	a:ns-1	950.6	474	73	1	57.31	57.31	0	0	0	505	3285	1791	308	2111	13.14
cold-a-ok-3	a:ok-3	348.9	175	74	1	57.31	57.31	0	0	0	0	874	1779	134	1245	2.43
cold-a-t262-1	a:t262-1	366.7	184	73	1	57.31	57.31	0	0	0	3423	2739	1796	128	4298	17.01
cold-a-t262-8	a:t262-8	440.3	220	73	1	57.31	57.31	0	0	0	0	2877	1794	110	4125	18.37
cold-b-nat-3	b:nat-3	392.6	196	74	1	57.31	57.31	0	0	0	411	1348	1780	132	1967	4.22
cold-b-ns-1	b:ns-1	953.5	475	73	1	57.31	57.31	0	0	0	5090	5240	1789	122	2104	12.9
cold-b-ok-3	b:ok-3	349.9	175	74	1	57.31	57.31	0	0	0	1354	2017	1783	150	1252	3.39
cold-b-t262-1	b:t262-1	367.0	184	73	1	57.31	57.31	0	0	0	45	828	1772	119	3977	18.86
cold-b-t262-8	b:t262-8	442.4	221	74	1	57.31	57.31	0	0	0	0	994	1772	109	4068	19.01
p-nat-t262-1	a:nat-3 | b:t262-8	496.5	248	71	1	49.31	49.31	0	0	0	55116	38317	2087	114	5570	17.87
p-nat-t262-2	b:nat-3 | a:t262-8	495.9	248	71	1	49.31	49.31	0	0	0	37251	33528	2064	114	5249	16.11
p-ns-ns-1	a:ns-1 | b:ns-1	1072.4	535	71	1	49.31	49.31	0	0	0	0	6743	1930	118	4291	8.7
p-ns-ns-2	b:ns-1 | a:ns-1	1067.7	532	72	1	49.31	49.31	0	0	0	0	5901	1920	122	4280	8.77
p-ok-ns-1	a:ns-1 | b:ok-3,nat-3	982.5	490	72	1	49.31	49.31	0	0	0	0	8974	1887	132	3177	7.06
p-ok-ns-2	b:ns-1 | a:ok-3,nat-3	987.7	493	72	1	49.31	49.31	0	0	0	0	3751	1845	128	3318	7.05
p-ok-t262-1	a:ok-3 | b:t262-8	481.2	241	72	1	49.31	49.31	0	0	0	0	2429	1853	119	5205	18.11
p-ok-t262-2	b:ok-3 | a:t262-8	480.2	240	73	1	49.31	49.31	0	0	0	0	914	1837	119	5070	18.04
p-t262-ns-1	a:ns-1 | b:t262-8,t262-1	1176.0	586	71	1	49.31	49.31	0	0	0	99993	47250	2063	122	5996	26.58
p-t262-ns-2	b:ns-1 | a:t262-8,t262-1	1172.4	585	69	1	49.31	49.31	4	0	0	253085	170467	2357	112	4979	25.26
p-t262-t262-1	a:t262-8 | b:t262-1	516.1	258	70	1	57.31	57.31	2	0	4	106543	70826	2191	124	5648	33.98
p-t262-t262-2	b:t262-8 | a:t262-1	511.8	256	72	1	49.31	49.31	0	0	0	29501	21936	1956	113	5957	32.76
warm-a-nat-3	a:nat-3	373.5	187	74	1	57.31	57.31	0	0	0	1380	1044	1786	133	1816	3.5
warm-a-ns-1	a:ns-1	954.3	476	73	1	57.31	57.31	3	0	0	1870	4192	1785	122	2179	12.91
warm-a-ok-3	a:ok-3	349.8	175	74	1	57.31	57.31	0	0	0	96	1097	1782	132	1249	2.99
warm-a-t262-1	a:t262-1	367.1	184	73	1	57.31	57.31	0	0	0	2675	1069	1786	150	4659	20.49
warm-a-t262-8	a:t262-8	426.0	213	74	1	57.31	57.31	0	0	0	321	1483	1780	107	4050	15.26
warm-b-nat-3	b:nat-3	374.5	187	74	1	57.31	57.31	0	0	0	0	1109	1775	137	1931	3.58
warm-b-ns-1	b:ns-1	953.8	476	73	1	57.31	57.31	0	0	0	91	4163	1786	125	2190	11.82
warm-b-ok-3	b:ok-3	349.3	175	74	1	57.31	57.31	0	0	0	0	1352	1777	141	1238	3.62
warm-b-t262-1	b:t262-1	364.5	182	73	1	57.31	57.31	1	0	0	1079	1000	1786	117	5182	15.64
warm-b-t262-8	b:t262-8	428.0	214	73	1	57.31	57.31	0	0	0	0	963	1785	112	4082	15.85
