run	cache	clone	job	start_offset_s	job_wall_s	test_steps_s	exit	fail	peak_tree_rss_mib	ownkey_duration_s_per_limit
cold-a-nat-3	cold	a	nat-3-a	0.0	391.8	391.1	0/0/0	0	1825	
cold-a-ns-1	cold	a	ns-1-a	0.0	950.6	949.8	0/0/0/0	0	2111	
cold-a-ok-3	cold	a	ok-3-a	0.0	348.9	348.2	0/0/0	0	1245	347.5/3600
cold-a-t262-1	cold	a	t262-1-a	0.0	366.7	366.0	0/0/0	0	4298	
cold-a-t262-8	cold	a	t262-8-a	0.5	439.8	438.5	0/0/0	0	4125	
cold-b-nat-3	cold	b	nat-3-b	0.0	392.6	391.9	0/0/0	0	1967	
cold-b-ns-1	cold	b	ns-1-b	0.0	953.5	952.8	0/0/0/0	0	2104	
cold-b-ok-3	cold	b	ok-3-b	0.0	349.9	349.2	0/0/0	0	1252	348.5/3600
cold-b-t262-1	cold	b	t262-1-b	0.0	366.9	366.2	0/0/0	0	3977	
cold-b-t262-8	cold	b	t262-8-b	0.0	442.3	441.4	0/0/0	0	4068	
warm-a-nat-3	warm	a	nat-3-a	0.0	373.5	372.8	0/0/0	0	1816	
warm-a-ns-1	warm	a	ns-1-a	0.0	954.2	953.5	0/0/0/0	0	2179	
warm-a-ok-3	warm	a	ok-3-a	0.0	349.7	349.1	0/0/0	0	1249	348.4/3600
warm-a-t262-1	warm	a	t262-1-a	0.0	367.0	366.3	0/0/0	0	4659	
warm-a-t262-8	warm	a	t262-8-a	0.0	425.9	425.3	0/0/0	0	4050	
warm-b-nat-3	warm	b	nat-3-b	0.0	374.4	373.8	0/0/0	0	1931	
warm-b-ns-1	warm	b	ns-1-b	0.0	953.8	953.0	0/0/0/0	0	2190	
warm-b-ok-3	warm	b	ok-3-b	0.0	349.2	348.6	0/0/0	0	1238	347.9/3600
warm-b-t262-1	warm	b	t262-1-b	0.0	364.5	363.8	0/0/0	0	5182	
warm-b-t262-8	warm	b	t262-8-b	0.0	428.0	427.4	0/0/0	0	4082	
