macOS self-hosted availability	GitHub Actions 1000077690	2026-10-04T11:50:56Z	2026-10-04T11:51:14Z	success
native (linux-x86_64-gnu, 2/3)	GitHub Actions 1000077689	2026-10-04T11:50:55Z	2026-10-04T12:00:21Z	success
test262 (linux-x86_64-gnu, 12/12)	GitHub Actions 1000077691	2026-10-04T11:50:56Z	2026-10-04T12:04:58Z	success
test (ubuntu-latest, deno)	GitHub Actions 1000077692	2026-10-04T11:50:56Z	2026-10-04T11:51:57Z	success
host C sanitizers (Linux)	GitHub Actions 1000077694	2026-10-04T11:50:56Z	2026-10-04T12:59:46Z	success
host C sanitizers (macOS, native)	GitHub Actions 1000077697	2026-10-04T11:51:01Z	2026-10-04T12:26:15Z	success
test (macos-latest, node)	GitHub Actions 1000077696	2026-10-04T11:51:00Z	2026-10-04T12:37:12Z	success
test262 (linux-x86_64-gnu, 5/12)	GitHub Actions 1000077698	2026-10-04T11:50:57Z	2026-10-04T12:10:09Z	success
test262 (linux-x86_64-gnu, 3/12)	GitHub Actions 1000077695	2026-10-04T11:50:55Z	2026-10-04T12:04:17Z	success
own-key cases (linux-x86_64-gnu, 1/3)	GitHub Actions 1000077693	2026-10-04T11:50:55Z	2026-10-04T12:04:34Z	success
test262 (linux-x86_64-gnu, 1/12)	GitHub Actions 1000077703	2026-10-04T11:50:56Z	2026-10-04T12:05:23Z	success
test262 (linux-x86_64-gnu, 6/12)	GitHub Actions 1000077699	2026-10-04T11:50:56Z	2026-10-04T12:10:47Z	success
native (linux-x86_64-gnu, 3/3)	GitHub Actions 1000077701	2026-10-04T11:50:56Z	2026-10-04T12:08:23Z	success
test262 (linux-x86_64-gnu, 9/12)	GitHub Actions 1000077700	2026-10-04T11:50:56Z	2026-10-04T12:01:21Z	success
test262 (linux-x86_64-gnu, 8/12)	GitHub Actions 1000077704	2026-10-04T11:50:56Z	2026-10-04T12:10:50Z	success
test262 (linux-x86_64-gnu, 7/12)	GitHub Actions 1000077711	2026-10-04T11:50:56Z	2026-10-04T12:02:12Z	success
test262 (linux-x86_64-gnu, 11/12)	GitHub Actions 1000077709	2026-10-04T11:50:56Z	2026-10-04T12:00:07Z	success
test262 (linux-x86_64-gnu, 2/12)	GitHub Actions 1000077710	2026-10-04T11:50:56Z	2026-10-04T12:04:53Z	success
own-key cases (linux-x86_64-gnu, 2/3)	GitHub Actions 1000077702	2026-10-04T11:50:56Z	2026-10-04T12:04:01Z	success
test262 (macos-aarch64, 5/12)	GitHub Actions 1000077721	2026-10-04T11:51:01Z	2026-10-04T12:15:16Z	success
test262 (linux-x86_64-gnu, 10/12)	GitHub Actions 1000077712	2026-10-04T11:50:56Z	2026-10-04T12:04:33Z	success
native support (linux-x86_64-gnu, 5/5)	GitHub Actions 1000077715	2026-10-04T11:50:56Z	2026-10-04T12:38:53Z	success
host C sanitizers (macOS, property)	GitHub Actions 1000077720	2026-10-04T11:51:01Z	2026-10-04T12:36:28Z	success
native support (macos-aarch64, 9/12)	GitHub Actions 1000077719	2026-10-04T11:51:01Z	2026-10-04T12:14:14Z	success
own-key cases (linux-x86_64-gnu, 3/3)	GitHub Actions 1000077705	2026-10-04T11:50:56Z	2026-10-04T12:04:40Z	success
native support (linux-x86_64-gnu, 3/5)	GitHub Actions 1000077716	2026-10-04T11:50:56Z	2026-10-04T12:39:40Z	success
native support (linux-x86_64-gnu, 4/5)	GitHub Actions 1000077706	2026-10-04T11:50:56Z	2026-10-04T12:47:25Z	success
test262 (linux-x86_64-gnu, 4/12)	GitHub Actions 1000077708	2026-10-04T11:50:56Z	2026-10-04T12:04:26Z	success
test (ubuntu-latest, node)	GitHub Actions 1000077713	2026-10-04T11:50:56Z	2026-10-04T12:28:23Z	success
test (windows-latest, node)	GitHub Actions 1000077722	2026-10-04T11:50:57Z	2026-10-04T11:54:31Z	success
native support (linux-x86_64-gnu, 1/5)	GitHub Actions 1000077707	2026-10-04T11:50:56Z	2026-10-04T12:37:53Z	success
native (linux-x86_64-gnu, 1/3)	GitHub Actions 1000077714	2026-10-04T11:50:56Z	2026-10-04T12:01:45Z	success
test (windows-latest, deno)	GitHub Actions 1000077723	2026-10-04T11:50:56Z	2026-10-04T11:54:22Z	success
check	GitHub Actions 1000077717	2026-10-04T11:50:56Z	2026-10-04T11:52:22Z	success
native support (linux-x86_64-gnu, 2/5)	GitHub Actions 1000077718	2026-10-04T11:50:56Z	2026-10-04T12:18:30Z	success
native support (macos-aarch64, 2/12)	oseo-mac-1	2026-10-04T11:51:17Z	2026-10-04T12:00:26Z	success
native support (macos-aarch64, 1/12)	oseo-mac-1	2026-10-04T12:00:29Z	2026-10-04T12:13:48Z	success
native support (macos-aarch64, 4/12)	oseo-mac-1	2026-10-04T12:13:51Z	2026-10-04T12:21:46Z	success
own-key cases (macos-aarch64, 1/3)	oseo-mac-1	2026-10-04T12:43:20Z	2026-10-04T12:50:56Z	success
native support (macos-aarch64, 10/12)	oseo-mac-1	2026-10-04T12:21:49Z	2026-10-04T12:28:11Z	success
own-key cases (macos-aarch64, 3/3)	oseo-mac-1	2026-10-04T12:28:14Z	2026-10-04T12:35:48Z	success
test262 (macos-aarch64, 8/12)	oseo-mac-1	2026-10-04T12:35:51Z	2026-10-04T12:43:16Z	success
own-key cases (macos-aarch64, 2/3)	oseo-mac-1	2026-10-04T12:56:40Z	2026-10-04T13:04:10Z	success
test262 (macos-aarch64, 1/12)	oseo-mac-1	2026-10-04T13:04:14Z	2026-10-04T13:09:59Z	success
test262 (macos-aarch64, 2/12)	oseo-mac-1	2026-10-04T12:50:59Z	2026-10-04T12:56:37Z	success
test262 (macos-aarch64, 11/12)	oseo-mac-1	2026-10-04T13:10:02Z	2026-10-04T13:15:31Z	success
native support (macos-aarch64, 8/12)	GitHub Actions 1000077724	2026-10-04T12:14:22Z	2026-10-04T12:33:58Z	success
native support (macos-aarch64, 7/12)	GitHub Actions 1000077725	2026-10-04T12:15:24Z	2026-10-04T12:37:48Z	success
test262 (macos-aarch64, 9/12)	GitHub Actions 1000077726	2026-10-04T12:26:23Z	2026-10-04T12:47:42Z	success
test262 (macos-aarch64, 12/12)	GitHub Actions 1000077727	2026-10-04T12:34:04Z	2026-10-04T12:50:59Z	success
native support (macos-aarch64, 11/12)	GitHub Actions 1000077728	2026-10-04T12:36:34Z	2026-10-04T12:58:51Z	success
native support (macos-aarch64, 5/12)	GitHub Actions 1000077729	2026-10-04T12:37:19Z	2026-10-04T12:59:25Z	success
test262 (macos-aarch64, 7/12)	GitHub Actions 1000077730	2026-10-04T12:37:54Z	2026-10-04T12:54:05Z	success
native support (macos-aarch64, 6/12)	GitHub Actions 1000077731	2026-10-04T12:47:50Z	2026-10-04T13:07:32Z	success
native support (macos-aarch64, 12/12)	GitHub Actions 1000077732	2026-10-04T12:51:06Z	2026-10-04T13:11:25Z	success
test262 (macos-aarch64, 4/12)	GitHub Actions 1000077733	2026-10-04T12:54:12Z	2026-10-04T13:13:27Z	success
native support (macos-aarch64, 3/12)	GitHub Actions 1000077734	2026-10-04T12:58:59Z	2026-10-04T13:21:02Z	success
test262 (macos-aarch64, 10/12)	GitHub Actions 1000077735	2026-10-04T12:59:34Z	2026-10-04T13:23:46Z	success
test262 (macos-aarch64, 6/12)	GitHub Actions 1000077736	2026-10-04T13:07:42Z	2026-10-04T13:33:13Z	success
native (macos-aarch64, 2/3)	GitHub Actions 1000077737	2026-10-04T13:11:33Z	2026-10-04T13:26:50Z	success
native (macos-aarch64, 1/3)	GitHub Actions 1000077738	2026-10-04T13:13:34Z	2026-10-04T13:29:23Z	success
test262 (macos-aarch64, 3/12)	GitHub Actions 1000077739	2026-10-04T13:21:12Z	2026-10-04T13:40:17Z	success
native (macos-aarch64, 3/3)	GitHub Actions 1000077740	2026-10-04T13:23:54Z	2026-10-04T13:40:48Z	success
test (macos-latest, deno)	GitHub Actions 1000077741	2026-10-04T13:40:25Z	2026-10-04T13:41:58Z	success
native	GitHub Actions 1000077742	2026-10-04T13:40:50Z	2026-10-04T13:41:07Z	success
