host C sanitizers (Linux)	GitHub Actions 1000078262	2026-10-05T13:12:37Z	2026-10-05T14:00:16Z	success
native support (linux-x86_64-gnu, 3/5)	GitHub Actions 1000078258	2026-10-05T13:12:36Z	2026-10-05T14:00:08Z	success
native (linux-x86_64-gnu, 3/3)	GitHub Actions 1000078265	2026-10-05T13:12:36Z	2026-10-05T13:24:44Z	success
test (windows-latest, node)	GitHub Actions 1000078256	2026-10-05T13:12:37Z	2026-10-05T13:17:39Z	success
own-key cases (linux-x86_64-gnu, 2/3)	GitHub Actions 1000078259	2026-10-05T13:12:36Z	2026-10-05T13:26:15Z	success
test262 (linux-x86_64-gnu, 9/12)	GitHub Actions 1000078269	2026-10-05T13:12:37Z	2026-10-05T13:27:17Z	success
native (linux-x86_64-gnu, 2/3)	GitHub Actions 1000078266	2026-10-05T13:12:37Z	2026-10-05T13:23:00Z	success
native (linux-x86_64-gnu, 1/3)	GitHub Actions 1000078264	2026-10-05T13:12:36Z	2026-10-05T13:26:11Z	success
test262 (linux-x86_64-gnu, 2/12)	GitHub Actions 1000078267	2026-10-05T13:12:37Z	2026-10-05T13:23:08Z	success
own-key cases (linux-x86_64-gnu, 1/3)	GitHub Actions 1000078263	2026-10-05T13:12:36Z	2026-10-05T13:26:32Z	success
test262 (linux-x86_64-gnu, 12/12)	GitHub Actions 1000078257	2026-10-05T13:12:36Z	2026-10-05T13:26:55Z	success
host C sanitizers (macOS, native)	GitHub Actions 1000078260	2026-10-05T13:12:43Z	2026-10-05T13:53:32Z	success
test (ubuntu-latest, deno)	GitHub Actions 1000078261	2026-10-05T13:12:37Z	2026-10-05T13:13:44Z	success
test262 (linux-x86_64-gnu, 11/12)	GitHub Actions 1000078270	2026-10-05T13:12:37Z	2026-10-05T13:26:55Z	success
test (windows-latest, deno)	GitHub Actions 1000078285	2026-10-05T13:12:37Z	2026-10-05T13:19:41Z	success
native support (linux-x86_64-gnu, 4/5)	GitHub Actions 1000078271	2026-10-05T13:12:37Z	2026-10-05T14:01:56Z	success
test262 (macos-aarch64, 6/12)	GitHub Actions 1000078283	2026-10-05T13:12:44Z	2026-10-05T13:38:39Z	success
own-key cases (linux-x86_64-gnu, 3/3)	GitHub Actions 1000078273	2026-10-05T13:12:36Z	2026-10-05T13:25:23Z	success
test262 (linux-x86_64-gnu, 3/12)	GitHub Actions 1000078277	2026-10-05T13:12:37Z	2026-10-05T13:22:49Z	success
test (macos-latest, node)	GitHub Actions 1000078286	2026-10-05T13:12:43Z	2026-10-05T14:02:24Z	success
macOS self-hosted availability	GitHub Actions 1000078272	2026-10-05T13:12:36Z	2026-10-05T13:12:55Z	success
native support (macos-aarch64, 1/12)	GitHub Actions 1000078282	2026-10-05T13:12:42Z	2026-10-05T13:45:41Z	success
check	GitHub Actions 1000078280	2026-10-05T13:12:37Z	2026-10-05T13:14:06Z	success
native support (linux-x86_64-gnu, 1/5)	GitHub Actions 1000078281	2026-10-05T13:12:37Z	2026-10-05T14:02:09Z	success
host C sanitizers (macOS, property)	GitHub Actions 1000078284	2026-10-05T13:12:42Z	2026-10-05T13:46:41Z	success
test (ubuntu-latest, node)	GitHub Actions 1000078279	2026-10-05T13:12:37Z	2026-10-05T13:49:34Z	success
test262 (linux-x86_64-gnu, 8/12)	GitHub Actions 1000078268	2026-10-05T13:12:37Z	2026-10-05T13:23:36Z	success
native support (linux-x86_64-gnu, 2/5)	GitHub Actions 1000078274	2026-10-05T13:12:37Z	2026-10-05T14:02:56Z	success
test262 (linux-x86_64-gnu, 4/12)	GitHub Actions 1000078278	2026-10-05T13:12:37Z	2026-10-05T13:25:41Z	success
native support (linux-x86_64-gnu, 5/5)	GitHub Actions 1000078275	2026-10-05T13:12:36Z	2026-10-05T14:01:15Z	success
test262 (linux-x86_64-gnu, 7/12)	GitHub Actions 1000078276	2026-10-05T13:12:36Z	2026-10-05T13:26:46Z	success
test262 (linux-x86_64-gnu, 10/12)	GitHub Actions 1000078290	2026-10-05T13:12:37Z	2026-10-05T13:26:31Z	success
test262 (linux-x86_64-gnu, 1/12)	GitHub Actions 1000078288	2026-10-05T13:12:37Z	2026-10-05T13:27:09Z	success
test262 (linux-x86_64-gnu, 6/12)	GitHub Actions 1000078287	2026-10-05T13:12:49Z	2026-10-05T13:32:28Z	success
test262 (linux-x86_64-gnu, 5/12)	GitHub Actions 1000078289	2026-10-05T13:12:37Z	2026-10-05T13:30:30Z	success
own-key cases (macos-aarch64, 1/3)	oseo-mac-1	2026-10-05T13:32:48Z	2026-10-05T13:40:38Z	success
own-key cases (macos-aarch64, 3/3)	oseo-mac-1	2026-10-05T13:12:58Z	2026-10-05T13:20:26Z	success
test262 (macos-aarch64, 8/12)	oseo-mac-1	2026-10-05T13:40:41Z	2026-10-05T13:48:12Z	success
native support (macos-aarch64, 3/12)	oseo-mac-1	2026-10-05T13:48:15Z	2026-10-05T13:56:45Z	success
native support (macos-aarch64, 12/12)	oseo-mac-1	2026-10-05T13:20:29Z	2026-10-05T13:26:46Z	success
test262 (macos-aarch64, 1/12)	oseo-mac-1	2026-10-05T13:26:49Z	2026-10-05T13:32:45Z	success
native support (macos-aarch64, 4/12)	oseo-mac-1	2026-10-05T14:10:23Z	2026-10-05T14:18:25Z	success
test262 (macos-aarch64, 9/12)	oseo-mac-1	2026-10-05T14:04:31Z	2026-10-05T14:10:20Z	success
test262 (macos-aarch64, 7/12)	oseo-mac-1	2026-10-05T14:25:59Z	2026-10-05T14:31:49Z	success
own-key cases (macos-aarch64, 2/3)	oseo-mac-1	2026-10-05T13:56:48Z	2026-10-05T14:04:28Z	success
test262 (macos-aarch64, 12/12)	oseo-mac-1	2026-10-05T14:31:52Z	2026-10-05T14:36:33Z	success
test262 (macos-aarch64, 4/12)	oseo-mac-1	2026-10-05T14:41:59Z	2026-10-05T14:46:29Z	success
test262 (macos-aarch64, 5/12)	oseo-mac-1	2026-10-05T14:18:28Z	2026-10-05T14:25:56Z	success
native (macos-aarch64, 1/3)	oseo-mac-1	2026-10-05T14:36:36Z	2026-10-05T14:41:56Z	success
test262 (macos-aarch64, 3/12)	oseo-mac-1	2026-10-05T14:46:32Z	2026-10-05T14:51:05Z	success
native support (macos-aarch64, 7/12)	GitHub Actions 1000078291	2026-10-05T13:38:46Z	2026-10-05T14:02:37Z	success
native support (macos-aarch64, 9/12)	GitHub Actions 1000078292	2026-10-05T13:45:48Z	2026-10-05T14:08:51Z	success
native support (macos-aarch64, 11/12)	GitHub Actions 1000078293	2026-10-05T13:46:48Z	2026-10-05T14:06:41Z	success
native support (macos-aarch64, 5/12)	GitHub Actions 1000078294	2026-10-05T13:53:41Z	2026-10-05T14:16:51Z	success
native support (macos-aarch64, 10/12)	GitHub Actions 1000078295	2026-10-05T14:02:33Z	2026-10-05T14:27:42Z	success
test262 (macos-aarch64, 10/12)	GitHub Actions 1000078296	2026-10-05T14:02:44Z	2026-10-05T14:24:55Z	success
native support (macos-aarch64, 6/12)	GitHub Actions 1000078297	2026-10-05T14:06:48Z	2026-10-05T14:26:12Z	success
native support (macos-aarch64, 8/12)	GitHub Actions 1000078299	2026-10-05T14:09:00Z	2026-10-05T14:30:50Z	success
test262 (macos-aarch64, 2/12)	GitHub Actions 1000078300	2026-10-05T14:16:58Z	2026-10-05T14:41:51Z	success
native support (macos-aarch64, 2/12)	GitHub Actions 1000078301	2026-10-05T14:25:03Z	2026-10-05T14:47:16Z	success
native (macos-aarch64, 2/3)	GitHub Actions 1000078302	2026-10-05T14:26:19Z	2026-10-05T14:43:29Z	success
test262 (macos-aarch64, 11/12)	GitHub Actions 1000078303	2026-10-05T14:27:51Z	2026-10-05T14:48:31Z	success
native (macos-aarch64, 3/3)	GitHub Actions 1000078304	2026-10-05T14:30:59Z	2026-10-05T14:51:40Z	success
test (macos-latest, deno)	GitHub Actions 1000078317	2026-10-05T14:42:00Z	2026-10-05T14:43:54Z	success
native	GitHub Actions 1000078338	2026-10-05T14:51:43Z	2026-10-05T14:52:00Z	success
