name	runner_name	started_at	completed_at	conclusion
host C sanitizers (macOS, native)	GitHub Actions 1000079668	2026-10-06T17:54:22Z	2026-10-06T18:34:18Z	success
host C sanitizers (macOS, property)	GitHub Actions 1000079667	2026-10-06T17:52:45Z	2026-10-06T18:28:56Z	success
macOS self-hosted availability	GitHub Actions 1000079641	2026-10-06T17:47:53Z	2026-10-06T17:48:26Z	success
native (macos-aarch64, 1/3)	GitHub Actions 1000079679	2026-10-06T18:53:26Z	2026-10-06T19:08:53Z	success
native (macos-aarch64, 2/3)	GitHub Actions 1000079816	2026-10-06T21:59:47Z	2026-10-06T22:16:52Z	success
native (macos-aarch64, 3/3)	GitHub Actions 1000079746	2026-10-06T20:36:52Z	2026-10-06T20:53:51Z	success
native support (macos-aarch64, 10/12)	GitHub Actions 1000079691	2026-10-06T19:39:21Z	2026-10-06T20:05:17Z	success
native support (macos-aarch64, 11/12)	GitHub Actions 1000079700	2026-10-06T20:20:09Z	2026-10-06T20:40:55Z	success
native support (macos-aarch64, 1/12)	GitHub Actions 1000079685	2026-10-06T19:09:18Z	2026-10-06T19:44:54Z	success
native support (macos-aarch64, 12/12)	GitHub Actions 1000079684	2026-10-06T19:09:00Z	2026-10-06T19:30:41Z	success
native support (macos-aarch64, 2/12)	GitHub Actions 1000079675	2026-10-06T18:33:36Z	2026-10-06T18:56:44Z	success
native support (macos-aarch64, 3/12)	GitHub Actions 1000079682	2026-10-06T19:03:35Z	2026-10-06T19:28:13Z	success
native support (macos-aarch64, 4/12)	GitHub Actions 1000079676	2026-10-06T18:34:24Z	2026-10-06T18:53:17Z	success
native support (macos-aarch64, 5/12)	GitHub Actions 1000079696	2026-10-06T20:05:24Z	2026-10-06T20:24:44Z	success
native support (macos-aarch64, 6/12)	GitHub Actions 1000079687	2026-10-06T19:20:34Z	2026-10-06T19:39:09Z	success
native support (macos-aarch64, 7/12)	GitHub Actions 1000079674	2026-10-06T18:29:03Z	2026-10-06T18:54:19Z	success
native support (macos-aarch64, 8/12)	GitHub Actions 1000079688	2026-10-06T19:28:19Z	2026-10-06T19:49:36Z	success
native support (macos-aarch64, 9/12)	GitHub Actions 1000079690	2026-10-06T19:38:11Z	2026-10-06T21:05:20Z	failure
own-key cases (macos-aarch64, 1/3)	GitHub Actions 1000079673	2026-10-06T18:16:33Z	2026-10-06T18:33:27Z	success
own-key cases (macos-aarch64, 2/3)	GitHub Actions 1000079692	2026-10-06T19:45:04Z	2026-10-06T20:04:11Z	success
own-key cases (macos-aarch64, 3/3)	GitHub Actions 1000079677	2026-10-06T18:37:19Z	2026-10-06T18:52:29Z	success
test262 (macos-aarch64, 10/12)	GitHub Actions 1000079698	2026-10-06T20:07:15Z	2026-10-06T20:28:03Z	success
test262 (macos-aarch64, 11/12)	GitHub Actions 1000079703	2026-10-06T20:28:09Z	2026-10-06T20:49:50Z	success
test262 (macos-aarch64, 1/12)	GitHub Actions 1000079680	2026-10-06T18:54:27Z	2026-10-06T19:20:24Z	success
test262 (macos-aarch64, 12/12)	GitHub Actions 1000079681	2026-10-06T18:56:50Z	2026-10-06T19:16:26Z	success
test262 (macos-aarch64, 2/12)	GitHub Actions 1000079702	2026-10-06T20:24:50Z	2026-10-06T20:46:44Z	success
test262 (macos-aarch64, 3/12)	GitHub Actions 1000079678	2026-10-06T18:52:36Z	2026-10-06T19:09:09Z	success
test262 (macos-aarch64, 4/12)	GitHub Actions 1000079817	2026-10-06T22:00:08Z	2026-10-06T22:18:38Z	success
test262 (macos-aarch64, 5/12)	GitHub Actions 1000079686	2026-10-06T19:16:31Z	2026-10-06T19:38:04Z	success
test262 (macos-aarch64, 6/12)	GitHub Actions 1000079666	2026-10-06T17:50:48Z	2026-10-06T18:14:04Z	success
test262 (macos-aarch64, 7/12)	GitHub Actions 1000079699	2026-10-06T20:14:15Z	2026-10-06T20:35:31Z	success
test262 (macos-aarch64, 8/12)	GitHub Actions 1000079671	2026-10-06T18:12:00Z	2026-10-06T18:37:12Z	success
test262 (macos-aarch64, 9/12)	GitHub Actions 1000079689	2026-10-06T19:30:58Z	2026-10-06T19:54:01Z	success
test (macos-latest, deno)	GitHub Actions 1000079768	2026-10-06T20:49:58Z	2026-10-06T20:52:22Z	success
test (macos-latest, node)	GitHub Actions 1000079669	2026-10-06T18:06:45Z	2026-10-06T19:03:27Z	failure
