shard	file	test	mac_run	mac_runner	mac_ms	hosted_run	hosted_runner	hosted_ms	hosted_status	hosted_cases_done
1/12	tests/property/m5-reflect-namespace.property.test.ts	generated Reflect reflection matches the M5 model	37499455406	oseo-mac-2	443108.832125	37506307446-1	hosted	1214581.625542	pass	
1/12	tests/property/m5-reflect-namespace.property.test.ts	generated module namespace writes keep the exotic refusal	37499455406	oseo-mac-2	217730.868583	37506307446-1	hosted	522862.800292	pass	
1/12	tests/property/m5-reflect-namespace.property.test.ts	generated built-in new targets read prototype where the clause says	37499455406	oseo-mac-2	159730.358375	37506307446-1	hosted	321814.211916	pass	
1/12	tests/property/m5-proxy-exotic-object.property.test.ts	generated Proxy traps preserve target invariants	37499455406	oseo-mac-2	481562.821625	37506307446-1	hosted	1339228.767709	pass	
1/12	tests/property/m5-proxy-exotic-object.property.test.ts	generated missing Proxy descriptors observe required target state	37499455406	oseo-mac-2	48455.491708	37506307446-1	hosted	133343.53075	pass	
1/12	tests/property/m5-math-namespace.property.test.ts	generated Math operations and global identity match the M5 model	37499455406	oseo-mac-2	410942.278084	37506307446-1	hosted	1121238.491834	pass	
7/12	tests/property/m5-number-prototype.property.test.ts	generated Number.prototype formatting matches the M5 model	37499455406	oseo-mac-2	437496.454	37506307446-1	hosted	594922.132042	pass	
7/12	tests/property/m5-object-integrity-levels.property.test.ts	generated Object integrity levels match the M5 model	37499455406	oseo-mac-2	448459.872292	37506307446-1	hosted	590818.345208	pass	
7/12	tests/property/m5-uri-handling-functions.property.test.ts	generated URI encoding, decoding, and rejection match the M5 model	37499455406	oseo-mac-2	482884.162042	37506307446-1	hosted	706905.85975	pass	
7/12	tests/property/m5-set-composition-methods.property.test.ts	generated Set composition observations match the specification model	37499455406	oseo-mac-2	349807.345292	37506307446-1	hosted	358627.509625	pass	
7/12	tests/property/m5-object-define-properties.property.test.ts	generated Object.defineProperties operations match the M5 model	37499455406	oseo-mac-2	352730.483667	37506307446-1	hosted	354616.265083	pass	
7/12	tests/property/m5-symbol-intrinsic.property.test.ts	generated Symbol prototype and registry behavior matches the M5 model	37499455406	oseo-mac-2	387459.517333	37506307446-1	hosted	418396.285041	pass	
7/12	tests/property/m5-array-prototype-copying.property.test.ts	generated Array copying methods match the M5 model	37499455406	oseo-mac-2	317693.497792	37506307446-1	hosted	274236.394958	pass	
7/12	tests/property/m5-json-parse.property.test.ts	generated JSON texts and reviver walks match the M5 model	37499455406	oseo-mac-2	313048.94825	37506307446-1	hosted	275636.329625	pass	
7/12	tests/property/m5-json-stringify.property.test.ts	generated JSON stringify cases match the independent M5 model	37499455406	oseo-mac-2	295620.686584	37506307446-1	hosted	224749.120875	pass	
7/12	tests/property/m5-optional-catch-binding.property.test.ts	generated optional catch bindings match the M5 property model	37499455406	oseo-mac-2	181417.181666	37506307446-1	hosted	118253.868167	pass	
7/12	tests/property/m5-parameter-binding.property.test.ts	generated parameter bindings match the M5 property model	37499455406	oseo-mac-2	173266.892083	37506307446-1	hosted	115588.730209	pass	
7/12	tests/property/m5-tagged-template.property.test.ts	generated tagged templates match the M5 property model	37499455406	oseo-mac-2	191174.81325	37506307446-1	hosted	118807.130167	pass	
9/12	tests/property/m5-regexp-prototype-and-exec.property.test.ts	generated built-in execution matches the generic matcher and hosts	37499455406	oseo-mac-2	203287.500667	37506307446-1	hosted	247332.92725	pass	
9/12	tests/property/m5-regexp-prototype-and-exec.property.test.ts	generated prototype accessors and stringification match an oracle	37499455406	oseo-mac-2	138623.229125	37506307446-1	hosted	165670.249667	pass	
9/12	tests/property/m5-regexp-prototype-and-exec.property.test.ts	duplicate named alternatives preserve the participating capture	37499455406	oseo-mac-2	71422.381458	37506307446-1	hosted	158296.944083	pass	
9/12	tests/property/m5-regexp-prototype-and-exec.property.test.ts	generated ignore-case boundaries report one located diagnostic	37499455406	oseo-mac-2	7230.907292	37506307446-1	hosted	59542.756209	pass	
9/12	tests/property/m5-array-buffer.property.test.ts	generated ArrayBuffer observations match the M5 model	37499455406	oseo-mac-2	419298.544958	37506307446-1	hosted	566768.102125	pass	
9/12	tests/property/m5-bigint-intrinsic.property.test.ts	generated BigInt intrinsic operations match the independent model	37499455406	oseo-mac-2	406926.75375	37506307446-1	hosted	510196.521417	pass	
9/12	tests/property/m5-pattern-await.property.test.ts	generated pattern await positions preserve the modeled order	37499455406	oseo-mac-2	360336.7725	37506307446-1	hosted	805676.73975	pass	
9/12	tests/property/m5-regexp-literal-aot.property.test.ts	generated literals match the artifact, the constructor, and the hosts	37499455406	oseo-mac-2	226939.597416	37506307446-1	hosted	422511.561208	pass	
9/12	tests/property/m5-regexp-literal-aot.property.test.ts	every evaluation of one literal owns its object and lastIndex	37499455406	oseo-mac-2	120914.18325	37506307446-1	hosted	381617.57825	pass	
9/12	tests/property/m5-array-prototype-change-by-copy.property.test.ts	generated Array change-by-copy methods match the M5 model	37499455406	oseo-mac-2	305148.776333	37506307446-1	hosted	633391.654375	pass	
9/12	tests/property/m5-array-prototype-predicate-search.property.test.ts	generated Array predicate search methods match the M5 model	37499455406	oseo-mac-2	319382.243125	37506307446-1	hosted	1807201.977917	interrupted	91
9/12	tests/property/m5-object-define-property.property.test.ts	generated Object.defineProperty operations match the M5 model	37499455406	oseo-mac-2	297696.009958	37506307446-1	hosted	1800413.024167	interrupted	88
9/12	tests/property/m5-string-iterator.property.test.ts	generated String iterators match the M5 model	37499455406	oseo-mac-2	284342.112166	37506307446-1	hosted	1800393.404625	interrupted	84
9/12	tests/property/m5-for-of-binding.property.test.ts	generated for-of bindings match the M5 property model	37499455406	oseo-mac-2	170282.855208	37506307446-1	hosted	1803155.456334	interrupted	32
9/12	tests/property/m5-for-of-assignment.property.test.ts	generated for-of assignments match the M5 property model	37499455406	oseo-mac-2	186529.550333	37506307446-1	hosted	1808295.451666	interrupted	31
9/12	tests/property/m5-call-spread.property.test.ts	generated argument spread cases match the M5 dynamic-list model	37499455406	oseo-mac-2	180335.494625	37506307446-1	hosted	1801842.240166	interrupted	30
10/12	tests/property/m5-typed-array-constructors.property.test.ts	generated TypedArray construction matches the M5 model	37499455406	oseo-mac-2	258491.765875	37506307446-1	hosted	566196.062291	pass	
10/12	tests/property/m5-array-prototype-species-mapping.property.test.ts	generated Array species mapping matches the M5 model	37499455406	oseo-mac-2	234024.53825	37506307446-1	hosted	504029.907917	pass	
10/12	tests/property/m5-data-view.property.test.ts	generated DataView accesses match the independent byte-level model	37499455406	oseo-mac-2	260106.928083	37506307446-1	hosted	570588.183041	pass	
10/12	tests/property/m5-weak-collections.property.test.ts	generated weak collection observations match the identity model	37499455406	oseo-mac-2	218898.321375	37506307446-1	hosted	383016.554375	pass	
10/12	tests/property/m5-array-prototype-iterative.property.test.ts	generated Array prototype iteration matches the M5 model	37499455406	oseo-mac-2	205189.724291	37506307446-1	hosted	349266.561625	pass	
10/12	tests/property/m5-function-intrinsic-chains.property.test.ts	generated functions expose the realm function intrinsic chains	37499455406	oseo-mac-2	229411.750667	37506307446-1	hosted	401604.045916	pass	
10/12	tests/property/m5-generator.property.test.ts	generated generators match the M5 property model	37499455406	oseo-mac-2	190853.229625	37506307446-1	hosted	324097.373166	pass	
10/12	tests/property/m5-object-prototype.property.test.ts	generated Object.prototype methods match the M5 property model	37499455406	oseo-mac-2	158915.116084	37506307446-1	hosted	261918.265833	pass	
10/12	tests/property/m5-typed-array-statics.property.test.ts	generated TypedArray statics match the M5 model	37499455406	oseo-mac-2	198889.57825	37506307446-1	hosted	330460.889541	pass	
10/12	tests/property/m5-for-of.property.test.ts	generated synchronous iterator consumers match the M5 model	37499455406	oseo-mac-2	115420.2175	37506307446-1	hosted	176967.065375	pass	
10/12	tests/property/m5-default-parameter.property.test.ts	generated default parameters match Node.js and Deno	37499455406	oseo-mac-2	88795.75425	37506307446-1	hosted	132600.634625	pass	
10/12	tests/property/m5-generator-parameter.property.test.ts	generated generator parameters match the M5 property model	37499455406	oseo-mac-2	119742.265416	37506307446-1	hosted	184220.4335	pass	
