run	attempt	lanes	shard	durationMilliseconds
37194069657	2	1	1/3	318457.330125
37194069657	2	1	2/3	311926.258792
37194069657	2	1	3/3	311779.170666
37206614757	1	1	1/3	315678.476875
37206614757	1	1	2/3	313109.81899999996
37206614757	1	1	3/3	312193.86766600003
37215661294	2	1	1/3	319246.565083
37215661294	2	1	2/3	312963.714625
37215661294	2	1	3/3	312428.645959
37230598930	1	1	1/3	320320.211041
37230598930	1	1	2/3	313151.403125
37230598930	1	1	3/3	312568.971959
37237684441	2	1	1/3	319399.983291
37237684441	2	1	2/3	311438.666416
37237684441	2	1	3/3	310656.85245899996
37251028948	1	1	1/3	314362.356375
37251028948	1	1	2/3	310255.098
37251028948	1	1	3/3	305916.794583
37315038080	1	1	1/3	326317.719625
37315038080	1	1	2/3	320390.16366699996
37315038080	1	1	3/3	313519.585666
37332256715	1	1	1/3	337298.16075000004
37332256715	1	1	2/3	310250.104834
37332256715	1	1	3/3	310848.747209
37398055382	2	2	1/3	392501.70270799997
37398055382	2	2	2/3	563631.207792
37398055382	2	2	3/3	466766.793083
